ExperimentName,Site,NDARGUID,Version,Overall_RT,Overall_ACC,HappyBlocks_RT,HappyBlocks_ACC,FearBlocks_RT,FearBlocks_ACC,NeutBlocks_RT,NeutBlocks_ACC,PlaceBlocks_RT,PlaceBlocks_ACC,Overall0back_RT,Overall0back_ACC,Happy0back_RT,Happy0back_ACC,Fear0back_RT,Fear0back_ACC,Neut0back_RT,Neut0back_ACC,Place0back_RT,Place0back_ACC,Overall2back_RT,Overall2back_ACC,Happy2back_RT,Happy2back_ACC,Fear2back_RT,Fear2back_ACC,Neut2back_RT,Neut2back_ACC,Place2back_RT,Place2back_ACC,run1Overall_RT,run1Overall_ACC,run1HappyBlocks_RT,run1HappyBlocks_ACC,run1FearBlocks_RT,run1FearBlocks_ACC,run1NeutBlocks_RT,run1NeutBlocks_ACC,run1PlaceBlocks_RT,run1PlaceBlocks_ACC,run1Happy0back_RT,run1Happy0back_ACC,run1Fear0back_RT,run1Fear0back_ACC,run1Neut0back_RT,run1Neut0back_ACC,run1Place0back_RT,run1Place0back_ACC,run1Happy2back_RT,run1Happy2back_ACC,run1Fear2back_RT,run1Fear2back_ACC,run1Neut2back_RT,run1Neut2back_ACC,run1Place2back_RT,run1Place2back_ACC,run2Overall_RT,run2Overall_ACC,run2HappyBlocks_RT,run2HappyBlocks_ACC,run2FearBlocks_RT,run2FearBlocks_ACC,run2NeutBlocks_RT,run2NeutBlocks_ACC,run2PlaceBlocks_RT,run2PlaceBlocks_ACC,run2Happy0back_RT,run2Happy0back_ACC,run2Fear0back_RT,run2Fear0back_ACC,run2Neut0back_RT,run2Neut0back_ACC,run2Place0back_RT,run2Place0back_ACC,run2Happy2back_RT,run2Happy2back_ACC,run2Fear2back_RT,run2Fear2back_ACC,run2Neut2back_RT,run2Neut2back_ACC,run2Place2back_RT,run2Place2back_ACC,Nonlure_ACC,Lure_ACC,Target_ACC,HappyTargetHR,HappyLureFA,HappyNonlureFA,FearTargetHR,FearLureFA,FearNonlureFA,NeutTargetHR,NeutLureFA,NeutNonlureFA,PlaceTargetHR,PlaceLureFA,PlaceNonlureFA
Emo_Nback_20160913,CHLA,KGX16MTR,1,975,0.856,922.355,0.775,938.111,0.9,924.086,0.875,1110.486,0.875,886.149,0.925,871.75,1,830.737,0.95,826.111,0.9,1028.588,0.85,1079.365,0.787,1014.364,0.55,1058.118,0.85,1027.824,0.85,1187.833,0.9,993,0.762,892.167,0.6,947.222,0.9,931,0.75,1178.25,0.8,869,1,841.7,1,856.75,0.8,1209.286,0.7,1008,0.2,1079.125,0.8,1015.857,0.7,1154.111,0.9,960.553,0.95,941.421,0.95,929,0.9,918.9,1,1053.421,0.95,874.5,1,818.556,0.9,801.6,1,902.1,1,1015.778,0.9,1039.444,0.9,1036.2,1,1221.556,0.9,0.935,0.906,0.781,0.625,0.8,0.818,0.875,0.7,1,1,0.8,0.864,0.625,0.9,0.955
Emo_Nback_20160913,CHLA,THZ2FDT4,3,763.503,0.969,686.641,0.975,690.974,0.95,731.375,1,948.737,0.95,748.731,0.975,613.35,1,734.833,0.9,682.6,1,962.75,1,778.468,0.963,763.789,0.95,651.5,1,780.15,1,933.167,0.9,811.039,0.95,724.7,1,775.389,0.9,737.8,1,1024,0.9,565.6,1,834.375,0.8,640.5,1,1080.4,1,883.8,1,728.2,1,835.1,1,953.5,0.8,717.772,0.988,646.579,0.95,615,1,724.95,1,881,1,661.1,1,655.2,1,724.7,1,845.1,1,630.444,0.9,574.8,1,725.2,1,916.9,1,1,0.938,0.938,0.875,1,1,1,0.8,1,1,1,1,0.875,0.9,1
Emo_Nback_20160913,CUB,1K3LDK3L,1,1191.202,0.744,1315.71,0.775,1114.607,0.7,996.312,0.8,1352.679,0.7,1209.317,0.75,1349.375,0.8,1134,0.65,967.412,0.85,1412.929,0.7,1172.78,0.738,1279.8,0.75,1097.8,0.75,1029.067,0.75,1292.429,0.7,1220.242,0.775,1306.688,0.8,1254.929,0.7,1018.25,0.8,1305.438,0.8,1161.111,0.9,1379.333,0.6,904.6,1,1321.125,0.8,1493.857,0.7,1161.625,0.8,1207.667,0.6,1289.75,0.8,1159.614,0.713,1325.333,0.75,974.286,0.7,974.375,0.8,1415.667,0.6,1591.429,0.7,923.714,0.7,1057.143,0.7,1535.333,0.6,1092.5,0.8,1024.857,0.7,910,0.9,1296,0.6,0.739,0.75,0.562,0.5,0.8,0.864,0.625,0.6,0.773,0.625,1,0.773,0.5,0.8,0.727
Emo_Nback_20160913,CUB,36E4JVZ2,3,894.944,0.787,833.767,0.75,893.333,0.75,840.452,0.775,997.029,0.875,904.197,0.95,878.316,0.95,869.263,0.95,867.5,0.9,995,1,880.88,0.625,756.818,0.55,934.909,0.55,803,0.65,999.733,0.75,893.841,0.787,845.062,0.8,946.714,0.7,856.933,0.75,926.833,0.9,875.5,1,897.556,0.9,869.222,0.9,812,1,794.333,0.6,1035.2,0.5,838.5,0.6,1070.375,0.8,896.048,0.787,820.857,0.7,846.625,0.8,825,0.8,1071.353,0.85,881.444,0.9,843.8,1,865.778,0.9,1178,1,711.8,0.5,851.333,0.6,772.571,0.7,919,0.7,0.913,0.906,0.438,0.375,0.8,0.864,0.5,0.8,0.818,0.25,0.9,0.909,0.625,1,0.909
Emo_Nback_20160913,CUB,36E4JVZ2,3,894.944,0.787,833.767,0.75,893.333,0.75,840.452,0.775,997.029,0.875,904.197,0.95,878.316,0.95,869.263,0.95,867.5,0.9,995,1,880.88,0.625,756.818,0.55,934.909,0.55,803,0.65,999.733,0.75,893.841,0.787,845.062,0.8,946.714,0.7,856.933,0.75,926.833,0.9,875.5,1,897.556,0.9,869.222,0.9,812,1,794.333,0.6,1035.2,0.5,838.5,0.6,1070.375,0.8,896.048,0.787,820.857,0.7,846.625,0.8,825,0.8,1071.353,0.85,881.444,0.9,843.8,1,865.778,0.9,1178,1,711.8,0.5,851.333,0.6,772.571,0.7,919,0.7,0.913,0.781,0.438,0.375,0.8,0.864,0.5,0.8,0.818,0.25,0.9,0.909,0.625,1,0.909
Emo_Nback_20160913,CUB,3GFD7GXB,4,1064.463,0.769,1163.906,0.8,920.485,0.825,1051.788,0.825,1143.96,0.625,970.619,0.787,1029.375,0.8,789.211,0.95,1021.158,0.95,1142.444,0.45,1163,0.75,1298.438,0.8,1098.643,0.7,1093.357,0.7,1144.812,0.8,1061.23,0.762,1263.846,0.65,839.941,0.85,1046,0.9,1169.077,0.65,1173,0.6,749.4,1,1023.5,1,1212.167,0.6,1341.714,0.7,969.286,0.7,1074.125,0.8,1132.143,0.7,1067.645,0.775,1095.526,0.95,1006.062,0.8,1058.733,0.75,1116.75,0.6,943.2,1,833.444,0.9,1018.556,0.9,1003,0.3,1264.778,0.9,1228,0.7,1119,0.6,1154.667,0.9,0.913,0.75,0.719,0.75,0.8,0.818,0.625,0.7,0.955,0.875,0.6,0.909,0.625,0.4,0.727
Emo_Nback_20160913,CUB,84NCVEYA,4,1133.275,0.75,1052.483,0.725,1142.129,0.775,1120.207,0.725,1212.226,0.775,1042.097,0.775,962.75,0.8,1026.5,0.8,1081.6,0.75,1103.867,0.75,1230.741,0.725,1162.923,0.65,1265.467,0.75,1161.571,0.7,1313.812,0.8,1194.186,0.738,1103.143,0.7,1169.688,0.8,1258.75,0.8,1242.923,0.65,1051.75,0.8,1128.75,0.8,1335.167,0.6,1094.333,0.6,1171.667,0.6,1210.625,0.8,1212.9,1,1370.286,0.7,1074.361,0.762,1005.2,0.75,1112.733,0.75,949.692,0.65,1190.056,0.9,873.75,0.8,924.25,0.8,912.556,0.9,1110.222,0.9,1155.429,0.7,1328.143,0.7,1033.25,0.4,1269.889,0.9,0.826,0.688,0.625,0.75,0.7,0.727,0.5,0.7,0.909,0.625,0.6,0.818,0.625,0.7,0.864
Emo_Nback_20160913,CUB,97YY6Y1R,4,1027.53,0.838,1124.971,0.85,950.03,0.825,972.314,0.875,1064.312,0.8,923.246,0.863,997.471,0.85,891.882,0.85,847.667,0.9,960.412,0.85,1138.231,0.812,1252.471,0.85,1011.812,0.8,1104.294,0.85,1182.067,0.75,1006.887,0.887,1050.053,0.95,909.353,0.85,958.333,0.9,1107.588,0.85,942.5,1,832.556,0.9,857.222,0.9,984,1,1169.556,0.9,995.75,0.8,1059.444,0.9,1284.143,0.7,1050.794,0.787,1219.867,0.75,993.25,0.8,987.118,0.85,1015.267,0.75,1076,0.7,958.625,0.8,838.111,0.9,926.714,0.7,1345.75,0.8,1027.875,0.8,1154.75,0.8,1092.75,0.8,0.935,0.844,0.656,0.75,0.8,0.909,0.625,0.8,0.909,0.625,0.9,0.955,0.625,0.8,0.864
Emo_Nback_20160913,CUB,CLA2CZ2U,4,1105.066,0.756,1114,0.775,1060.571,0.875,1071.531,0.8,1207.391,0.575,1030.377,0.762,1019.294,0.85,957.158,0.95,991.688,0.8,1274.667,0.45,1181,0.75,1229,0.7,1183.375,0.8,1151.375,0.8,1164.143,0.7,1129.889,0.787,1177,0.8,1035.167,0.9,1057.235,0.85,1312.083,0.6,1203.429,0.7,919.2,1,903.889,0.9,1444.8,0.5,1156.444,0.9,1180.125,0.8,1229.75,0.8,1217.286,0.7,1078.103,0.725,1046.8,0.75,1087.471,0.85,1087.733,0.75,1093.182,0.55,890.4,1,999.333,0.9,1104.571,0.7,1062,0.4,1359.6,0.5,1186.625,0.8,1073,0.8,1111,0.7,0.913,0.5,0.812,0.75,0.6,0.864,1,0.5,1,0.875,0.4,0.955,0.625,0.1,0.773
Emo_Nback_20160913,CUB,DA6VVDEG,1,1177.364,0.806,1090.742,0.775,1141.5,0.95,1151.71,0.775,1344.379,0.725,1099.155,0.887,1020.333,0.9,1077.65,1,1124.222,0.9,1192.333,0.75,1273.103,0.725,1188.231,0.65,1212.444,0.9,1189.769,0.65,1507.286,0.7,1165.877,0.812,1055.688,0.8,1181.45,1,1028.333,0.75,1416.929,0.7,962.333,0.9,1094,1,1029.6,1,1337.625,0.8,1175.714,0.7,1268.9,1,1025.8,0.5,1522.667,0.6,1189.031,0.8,1128.133,0.75,1097.111,0.9,1267.375,0.8,1276.667,0.75,1078.333,0.9,1061.3,1,1242.5,0.8,1026.286,0.7,1202.833,0.6,1141.875,0.8,1292.25,0.8,1495.75,0.8,0.891,0.844,0.562,0.375,0.8,0.909,1,0.9,0.955,0.5,0.8,0.864,0.375,0.7,0.864
Emo_Nback_20160913,CUB,DA6VVDEG,1,1177.364,0.806,1090.742,0.775,1141.5,0.95,1151.71,0.775,1344.379,0.725,1099.155,0.887,1020.333,0.9,1077.65,1,1124.222,0.9,1192.333,0.75,1273.103,0.725,1188.231,0.65,1212.444,0.9,1189.769,0.65,1507.286,0.7,1165.877,0.812,1055.688,0.8,1181.45,1,1028.333,0.75,1416.929,0.7,962.333,0.9,1094,1,1029.6,1,1337.625,0.8,1175.714,0.7,1268.9,1,1025.8,0.5,1522.667,0.6,1189.031,0.8,1128.133,0.75,1097.111,0.9,1267.375,0.8,1276.667,0.75,1078.333,0.9,1061.3,1,1242.5,0.8,1026.286,0.7,1202.833,0.6,1141.875,0.8,1292.25,0.8,1495.75,0.8,0.891,0.812,0.562,0.375,0.8,0.909,1,0.9,0.955,0.5,0.8,0.864,0.375,0.7,0.864
Emo_Nback_20160913,CUB,H6H319AA,1,1045.843,0.838,1035.794,0.85,1091.765,0.85,1079.27,0.925,961.138,0.725,921.597,0.963,892.263,0.95,934.158,0.95,941.15,1,917.789,0.95,1213.684,0.713,1217.6,0.75,1291.4,0.75,1241.765,0.85,1043.5,0.5,1076.864,0.825,1029.933,0.75,1113.833,0.9,1151.889,0.9,989.4,0.75,843.667,0.9,943.3,1,999.4,1,979.2,1,1309.333,0.6,1327,0.8,1342.5,0.8,1009.8,0.5,1015.735,0.85,1040.421,0.95,1066.938,0.8,1010.474,0.95,930.857,0.7,936,1,924,0.9,882.9,1,849.556,0.9,1156.444,0.9,1250.714,0.7,1152.222,0.9,1077.2,0.5,0.957,0.75,0.719,0.75,0.8,0.909,0.75,0.6,1,0.75,0.9,1,0.625,0.7,0.773
Emo_Nback_20160913,CUB,K9N3BY03,1,907.252,0.869,854.171,0.875,869.444,0.9,922.371,0.875,988.758,0.825,827.091,0.963,776.737,0.95,794.35,1,889.55,1,847.222,0.9,1006.806,0.775,946.125,0.8,963.312,0.8,966.133,0.75,1158.6,0.75,947.515,0.825,970.438,0.8,893.444,0.9,991.778,0.9,933.929,0.7,822.889,0.9,782.4,1,998.8,1,804.125,0.8,1160.143,0.7,1032.25,0.8,983,0.8,1107,0.6,870.849,0.912,756.263,0.95,845.444,0.9,848.882,0.85,1029.158,0.95,735.2,1,806.3,1,780.3,1,881.7,1,779.667,0.9,894.375,0.8,946.857,0.7,1193,0.9,1,0.656,0.844,0.875,0.7,0.955,1,0.6,1,0.875,0.6,1,0.625,0.7,0.955
Emo_Nback_20160913,CUB,LWRKNUN1,1,834.889,0.844,758.4,0.875,780.324,0.85,841.778,0.9,977.7,0.75,740.743,0.875,665.684,0.95,778.933,0.75,680.15,1,869.812,0.8,936.277,0.812,868.5,0.8,781.421,0.95,1043.812,0.8,1101,0.7,841.851,0.838,794.278,0.9,815.4,0.75,827.667,0.9,936.125,0.8,687.222,0.9,719.833,0.6,646.4,1,882.444,0.9,901.333,0.9,879.111,0.9,1054.25,0.8,1005.143,0.7,828.029,0.85,720.412,0.85,752.632,0.95,855.889,0.9,1025.214,0.7,646.3,1,818.333,0.9,713.9,1,853.571,0.7,826.286,0.7,693.5,1,1033.375,0.8,1196.857,0.7,0.913,0.688,0.781,0.75,0.8,0.955,0.625,0.8,0.955,0.875,0.9,0.909,0.875,0.5,0.818
Emo_Nback_20160913,CUB,R2HJCC0M,3,1102.53,0.731,1098.714,0.7,1093.862,0.725,1029.406,0.8,1198.893,0.7,1056.75,0.7,1129.375,0.8,982.385,0.65,871.333,0.75,1272.25,0.6,1144.557,0.762,1057.833,0.6,1184.438,0.8,1168.882,0.85,1143.875,0.8,1174.054,0.7,1217.385,0.65,1216.786,0.7,1121,0.85,1152.417,0.6,1190.857,0.7,1330.6,0.5,985.125,0.8,1281,0.5,1248.333,0.6,1153.556,0.9,1241.778,0.9,1060.571,0.7,1036.869,0.762,995.867,0.75,979.133,0.75,925.6,0.75,1233.75,0.8,1081.556,0.9,764.75,0.8,741.286,0.7,1266,0.7,867.333,0.6,1224.143,0.7,1086.875,0.8,1208.667,0.9,0.935,0.688,0.469,0.375,0.6,0.864,0.5,0.4,0.955,0.625,0.7,0.909,0.375,0.6,0.864
Emo_Nback_20160913,CUB,TZ0RTCNR,1,1116.382,0.543,1145.125,0.4,980.1,0.5,1144.35,0.667,1201.7,0.667,1056.571,0.583,1179,0.35,970.5,0.4,1037,1,1059.3,1,1167.439,0.512,1118.778,0.45,986.5,0.6,1251.7,0.5,1344.1,0.5,1141.803,0.887,1145.125,0.8,1055,0.75,1144.35,1,1201.7,1,1179,0.7,970.5,0.8,1037,1,1059.3,1,1118.778,0.9,1151.571,0.7,1251.7,1,1344.1,1,755.4,0.083, NaN,0,755.4,0.25, NaN,0, NaN,0, NaN,0, NaN,0, NaN, NaN, NaN, NaN, NaN,0,755.4,0.5, NaN,0, NaN,0,0.667,0.429,0.536,0.25,0.4,0.455,0.625,0.4,0.5,0.667,0.714,0.647,0.667,0.714,0.647
Emo_Nback_20160913,CUB,UY1UGEA3,3,1093.875,0.7,1098.63,0.675,1095.571,0.7,1040.28,0.625,1130.25,0.8,1044.55,0.75,1005.471,0.85,1030.062,0.8,1021,0.6,1123.133,0.75,1150.788,0.65,1257,0.5,1182.917,0.6,1058.077,0.65,1136.529,0.85,1104.93,0.713,1053.429,0.7,1091,0.8,1071.727,0.55,1186.75,0.8,1004.75,0.8,949.111,0.9,1125.6,0.5,1151.714,0.7,1118.333,0.6,1273.429,0.7,1026.833,0.6,1214,0.9,1082.418,0.688,1147.308,0.65,1101.667,0.6,1015.571,0.7,1073.75,0.8,1006.111,0.9,1134.143,0.7,946.286,0.7,1098.125,0.8,1465,0.4,1056.2,0.5,1084.857,0.7,1049.375,0.8,0.891,0.469,0.656,0.75,0.3,0.818,0.625,0.3,0.909,0.375,0.3,0.864,0.875,0.6,0.864
Emo_Nback_20160913,CUB,VL1JXMTC,3,1062.176,0.781,975.581,0.775,975.742,0.775,1202.931,0.725,1099.882,0.85,1092.729,0.875,1069.611,0.9,1015.375,0.8,1220.312,0.8,1073.35,1,1023.291,0.688,845.385,0.65,933.467,0.75,1181.538,0.65,1137.786,0.7,1138.222,0.787,1035,0.75,1197.562,0.8,1162.267,0.75,1152.235,0.85,1257.75,0.8,1261.667,0.9,1221.111,0.9,1123.2,1,780.429,0.7,1115.143,0.7,1074,0.6,1193.714,0.7,984.903,0.775,919.875,0.8,739.133,0.75,1246.5,0.7,1047.529,0.85,919.1,1,698.714,0.7,1219.286,0.7,1023.5,1,921.167,0.6,774.5,0.8,1273.714,0.7,1081.857,0.7,0.848,0.688,0.438,0.25,0.9,0.909,0.25,0.9,0.909,0.5,0.7,0.818,0.75,0.8,0.909
Emo_Nback_20160913,CUB,VT3K0T1N,2,947.833,0.675,890.154,0.65,960.484,0.775,893,0.775,1088.2,0.5,898.431,0.812,780.667,0.75,916.556,0.9,876.75,1,1054.583,0.6,1022.512,0.537,1039.455,0.55,1021.308,0.65,922.545,0.55,1138.625,0.4,984.185,0.675,911.071,0.7,1022.438,0.8,868.333,0.75,1223,0.45,916.889,0.9,931.2,1,818.3,1,1188,0.5,900.6,0.5,1174.5,0.6,968.4,0.5,1266.75,0.4,911.481,0.675,865.75,0.6,894.4,0.75,916.125,0.8,977.909,0.55,576.333,0.6,898.25,0.8,935.2,1,959.286,0.7,1155.167,0.6,890,0.7,884.333,0.6,1010.5,0.4,0.696,0.781,0.531,0.25,0.8,0.727,0.75,0.6,0.864,0.75,0.8,0.773,0.375,0.7,0.455
Emo_Nback_20160913,CUB,XMWLDC53,1,1042.162,0.887,987.553,0.95,944.429,0.875,1089.921,0.95,1160.903,0.775,911.014,0.912,833.316,0.95,864.105,0.95,917.474,0.95,1051.312,0.8,1180.913,0.863,1141.789,0.95,1039.812,0.8,1262.368,0.95,1277.8,0.75,1046.833,0.9,1024.947,0.95,955.118,0.85,1089.789,0.95,1115,0.85,828.333,0.9,802.778,0.9,906.7,1,1018.7,1,1201.9,1,1126.5,0.8,1293.222,0.9,1252.571,0.7,1037.357,0.875,950.158,0.95,934.333,0.9,1090.053,0.95,1216.643,0.7,837.8,1,919.3,1,929.444,0.9,1105.667,0.6,1075,0.9,953.125,0.8,1234.6,1,1299.875,0.8,0.913,0.812,0.812,0.875,1,0.955,1,0.7,0.909,0.875,1,0.955,0.5,0.9,0.818
Emo_Nback_20160913,FIU,1lfg71cx,3,974.403,0.869,939.658,0.95,919.788,0.825,972.794,0.85,1067.853,0.85,907.573,0.938,856.55,1,822.765,0.85,937.421,0.95,1007.316,0.95,1052.719,0.8,1032,0.9,1022.875,0.8,1017.6,0.75,1144.533,0.75,1062.657,0.838,963.368,0.95,1060.235,0.85,1063.667,0.75,1182.188,0.8,846.7,1,990.75,0.8,1006,0.9,1074.1,1,1093,0.9,1122,0.9,1150.167,0.6,1362.333,0.6,892.278,0.9,915.947,0.95,770.562,0.8,901.053,0.95,966.222,0.9,866.4,1,673.444,0.9,875.7,1,933.111,0.9,971,0.9,895.429,0.7,929.222,0.9,999.333,0.9,0.957,0.812,0.781,0.875,1,0.955,0.75,0.6,0.955,0.75,0.8,0.909,0.75,0.7,0.955
Emo_Nback_20160913,FIU,ZTHTZP3K,3,944.724,0.906,914.35,1,961.722,0.9,851.541,0.925,1071.312,0.8,868.529,0.85,766.4,1,939.941,0.85,827.412,0.85,977.643,0.7,1012.013,0.963,1062.3,1,981.211,0.95,872.05,1,1144.167,0.9,1001.742,0.825,930,1,1052.625,0.8,953.294,0.85,1112.846,0.65,822.3,1,1223.286,0.7,984.429,0.7,979.25,0.4,1037.7,1,919.889,0.9,931.5,1,1172.222,0.9,897.089,0.988,898.7,1,889,1,765.05,1,1042.895,0.95,710.5,1,741.6,1,717.5,1,977,1,1086.9,1,1036.4,1,812.6,1,1116.111,0.9,0.978,0.812,0.812,1,1,1,0.875,0.7,1,0.75,0.9,1,0.625,0.7,0.909
Emo_Nback_GE_20160913,LIBR,5MYF77YV,3,793.934,0.95,778.475,1,788,0.975,793.324,0.925,818.167,0.9,707.987,0.938,719.2,1,732.211,0.95,708.167,0.9,669.778,0.9,877.649,0.963,837.75,1,841,1,874,0.95,966.556,0.9,798.156,0.963,789.05,1,830.35,1,793.941,0.85,778.65,1,627.5,1,732.2,1,659.75,0.8,627.1,1,950.6,1,928.5,1,913.222,0.9,930.2,1,789.6,0.938,767.9,1,743.421,0.95,792.8,1,867.562,0.8,810.9,1,732.222,0.9,746.9,1,723.125,0.8,724.9,1,753.5,1,838.7,1,1012,0.8,0.957,1,0.906,1,1,1,1,1,0.955,0.75,1,0.955,0.875,1,0.864
Emo_Nback_GE_20160913,LIBR,1415W413,3,960.86,0.85,1064.125,0.8,912.147,0.85,877.543,0.875,997.086,0.875,935.151,0.912,994.722,0.9,892.667,0.9,913.895,0.95,940.5,0.9,990.651,0.787,1153.357,0.7,934.062,0.8,834.375,0.8,1057,0.85,931.103,0.85,1037.5,0.8,923.706,0.85,784.235,0.85,982.222,0.9,908.25,0.8,894.375,0.8,830,0.9,967.8,1,1166.75,0.8,949.778,0.9,732.75,0.8,1000.25,0.8,990.618,0.85,1090.75,0.8,900.588,0.85,965.667,0.9,1012.824,0.85,1063.9,1,891.3,1,989.4,1,906.375,0.8,1135.5,0.6,913.857,0.7,936,0.8,1107.444,0.9,0.804,0.781,0.906,1,0.5,0.864,0.875,0.6,0.955,0.875,0.7,0.955,0.875,0.8,0.909
Emo_Nback_GE_20160913,LIBR,1ZD6AF6H,3,877.376,0.931,841.395,0.95,841.086,0.875,794.75,0.9,1017.675,1,742.26,0.912,711.75,1,752.6,0.75,691.944,0.9,810.3,1,1007.158,0.95,985.444,0.9,907.45,1,897.556,0.9,1225.05,1,876.368,0.95,789.263,0.95,847.684,0.95,821.444,0.9,1035.8,1,655.1,1,813.778,0.9,770.625,0.8,786.8,1,938.333,0.9,878.2,1,862.1,1,1284.8,1,878.425,0.912,893.526,0.95,833.25,0.8,768.056,0.9,999.55,1,768.4,1,660.833,0.6,629,1,833.8,1,1032.556,0.9,936.7,1,941.875,0.8,1165.3,1,0.957,0.906,0.812,0.75,1,1,0.75,0.8,0.955,0.75,1,0.909,1,1,1
Emo_Nback_GE_20160913,LIBR,3LA2YW3R,2,1076.843,0.794,1047.586,0.725,1135.879,0.825,978.848,0.825,1143.531,0.8,985.203,0.925,962.263,0.95,997.684,0.95,904.579,0.95,1087,0.85,1204.792,0.662,1209.7,0.5,1323.429,0.7,1079.643,0.7,1207.6,0.75,1032.317,0.787,981.4,0.75,1193.125,0.8,951.688,0.8,999.875,0.8,902,0.9,1177.8,1,855,1,1011.667,0.9,1100.5,0.6,1218.667,0.6,1112.833,0.6,984.714,0.7,1120.672,0.8,1118.5,0.7,1082,0.85,1004.412,0.85,1287.188,0.8,1016.5,1,797.556,0.9,959.667,0.9,1171.75,0.8,1373.5,0.4,1402,0.8,1054.75,0.8,1402.625,0.8,0.891,0.812,0.531,0.375,0.7,0.864,0.375,0.9,0.955,0.625,0.8,0.909,0.75,0.8,0.818
Emo_Nback_GE_20160913,LIBR,5AF8JW1F,4,871.536,0.875,917.222,0.9,849.657,0.875,803.73,0.925,922.469,0.8,831.896,0.963,902.95,1,788.053,0.95,729,1,913.556,0.9,919.984,0.787,935.062,0.8,922.812,0.8,891.647,0.85,933.929,0.7,875.119,0.838,954.333,0.9,746.588,0.85,817,0.95,1018.462,0.65,1047.3,1,679.7,1,683.1,1,1092.75,0.8,838.125,0.8,842.143,0.7,965.778,0.9,899.6,0.5,868.247,0.912,880.111,0.9,947,0.9,789.722,0.9,856.789,0.95,758.6,1,908.444,0.9,774.9,1,770.2,1,1032,0.8,985.556,0.9,808.25,0.8,953,0.9,0.891,0.875,0.875,1,0.8,0.909,1,0.6,0.955,0.875,0.8,1,0.625,0.8,0.864
Emo_Nback_GE_20160913,LIBR,5RCURZX7,3,758.029,0.869,666.378,0.925,826.333,0.9,712.853,0.85,835.156,0.8,705.883,0.963,636,1,851.263,0.95,694.316,0.95,645.632,0.95,822.79,0.775,702.118,0.85,798.471,0.85,736.333,0.75,1112.154,0.65,796.358,0.838,680.5,0.9,784.944,0.9,791.588,0.85,965.786,0.7,613.8,1,731.9,1,775.444,0.9,735.667,0.9,763.875,0.8,851.25,0.8,809.75,0.8,1380,0.5,722.361,0.9,653,0.95,867.722,0.9,634.118,0.85,733.556,0.9,658.2,1,983.889,0.9,621.3,1,564.6,1,647.222,0.9,751.556,0.9,652.429,0.7,944.75,0.8,0.957,1,0.719,0.625,1,1,0.875,0.9,0.909,0.75,0.7,0.955,0.625,0.8,0.864
Emo_Nback_GE_20160913,LIBR,5VJHAFVK,2,1117.519,0.65,982.13,0.575,1241.556,0.675,1052.226,0.775,1195.304,0.575,1038.865,0.65,883.091,0.55,1039.071,0.7,984.067,0.75,1249.917,0.6,1196.173,0.65,1072.917,0.6,1459.615,0.65,1116.125,0.8,1135.727,0.55,1135.776,0.613,1083,0.5,1364,0.6,1027.714,0.7,1082.077,0.65,980.5,0.4,1346.6,0.5,1022.286,0.7,1207.286,0.7,1151.333,0.6,1376.429,0.7,1033.143,0.7,936,0.6,1101.255,0.688,904.538,0.65,1143.6,0.75,1072.412,0.85,1342.5,0.5,827.429,0.7,868.222,0.9,950.625,0.8,1309.6,0.5,994.5,0.6,1556.667,0.6,1180.667,0.9,1375.4,0.5,0.761,0.562,0.531,0.5,0.4,0.682,0.625,0.7,0.682,0.625,0.8,0.818,0.375,0.5,0.682
Emo_Nback_GE_20160913,LIBR,D66M522R,2,994.958,0.887,992.027,0.925,1028.294,0.85,998.686,0.875,962.861,0.9,799.417,0.9,896.056,0.9,726.167,0.9,803.062,0.8,775.45,1,1196.086,0.875,1082.947,0.95,1368.188,0.8,1163.421,0.95,1197.125,0.8,996.8,0.875,1060.529,0.85,1088.706,0.85,933.895,0.95,911.471,0.85,1019.625,0.8,757,0.9,739,1,801,1,1096.889,0.9,1461.875,0.8,1150.444,0.9,1069.286,0.7,993.167,0.9,933.8,1,967.882,0.85,1075.625,0.8,1008.842,0.95,797.2,1,695.333,0.9,909.833,0.6,749.9,1,1070.4,1,1274.5,0.8,1175.1,1,1296.556,0.9,0.935,1,0.75,0.625,1,1,0.75,0.8,0.909,0.75,0.8,0.955,0.875,0.9,0.909
Emo_Nback_GE_20160913,LIBR,DULBXX1K,4,1331.667,0.094,1593.8,0.125,1122.4,0.125,1193,0.05,1336,0.075,1191.25,0.1,1371.5,0.1,1031.5,0.1,1193,0.1,1169,0.1,1492.143,0.087,1742,0.15,1183,0.15, NaN,0,1670,0.05,1429.5,0.1,1802.5,0.1,1262,0.15,1707,0.05,1169,0.1, NaN,0,1167,0.1,1707,0.1,1169,0.2,1802.5,0.2,1309.5,0.2, NaN,0, NaN,0,1219.857,0.087,1454.667,0.15,913,0.1,679,0.05,1670,0.05,1371.5,0.2,896,0.1,679,0.1, NaN,0,1621,0.1,930,0.1, NaN,0,1670,0.1,0.087,0,0.375,0.5,0,0.045,0.5,0,0.045,0.125,0,0.045,0.375,0,0
Emo_Nback_GE_20160913,LIBR,EJHM574R,2,884,0.856,869.676,0.85,919.306,0.9,824.781,0.8,915.743,0.875,809.446,0.925,769.611,0.9,838.6,1,702.765,0.85,911.947,0.95,971.571,0.787,982.25,0.8,1020.188,0.8,963.067,0.75,920.25,0.8,870.721,0.85,839.353,0.85,860.588,0.85,859.25,0.8,920.111,0.9,769,0.8,846.1,1,780,0.9,888.111,0.9,901.889,0.9,881.286,0.7,961.143,0.7,952.111,0.9,897.087,0.863,900,0.85,971.842,0.95,790.312,0.8,911.118,0.85,770.1,1,831.1,1,615.875,0.8,933.4,1,1085.571,0.7,1128.222,0.9,964.75,0.8,879.286,0.7,0.804,0.875,0.844,0.75,0.7,0.955,0.875,0.8,0.955,0.875,0.7,0.818,0.875,0.9,0.864
Emo_Nback_GE_20160913,LIBR,FTCMGAD3,4,992.892,0.694,882.923,0.65,1050.486,0.875,1007.182,0.55,1011.786,0.7,920.038,0.662,871.6,0.5,956.889,0.9,812.083,0.6,1005.923,0.65,1059.466,0.725,890,0.8,1149.588,0.85,1241.3,0.5,1016.867,0.75,1064.786,0.7,902.077,0.65,1145.1,1,996.364,0.55,1169.917,0.6,864.4,0.5,1060.5,1,654.25,0.4,1031.143,0.7,925.625,0.8,1229.7,1,1191.857,0.7,1364.2,0.5,919.691,0.688,863.769,0.65,924.333,0.75,1018,0.55,893.188,0.8,878.8,0.5,827.375,0.8,891,0.8,976.5,0.6,854.375,0.8,1035.143,0.7,1356.667,0.3,843.2,1,0.848,0.781,0.531,0.5,0.4,0.818,0.75,0.8,0.955,0.25,0.4,0.727,0.625,0.6,0.773
Emo_Nback_GE_20160913,LIBR,G6JBZCCD,1,898.746,0.863,803.529,0.85,933.176,0.85,894.543,0.875,962,0.875,903.08,0.938,799.105,0.95,1042.737,0.95,827.889,0.9,938.632,0.95,893.587,0.787,809.133,0.75,794.4,0.75,965.118,0.85,989.75,0.8,909.06,0.838,820.25,0.8,985.588,0.85,910.312,0.8,914.611,0.9,893.111,0.9,1075.333,0.9,921,0.9,880.5,1,726.571,0.7,884.625,0.8,896.571,0.7,957.25,0.8,889.014,0.887,788.667,0.9,880.765,0.85,881.263,0.95,1012.176,0.85,714.5,1,1013.4,1,734.778,0.9,1003.222,0.9,881.375,0.8,691.286,0.7,1013.1,1,1022.25,0.8,0.957,0.688,0.781,0.625,0.8,0.955,0.75,0.7,0.955,0.875,0.8,0.909,0.875,0.8,0.909
Emo_Nback_GE_20160913,LIBR,GGJJVCTG,3,774.465,0.887,793.056,0.9,755,0.85,768.811,0.925,780.229,0.875,686,0.9,687.263,0.95,624.353,0.85,675.222,0.9,753.667,0.9,865.457,0.875,911.294,0.85,885.647,0.85,857.474,0.95,808.353,0.85,798.9,0.875,774.941,0.85,839.625,0.8,833.158,0.95,749.167,0.9,662,0.9,668,0.8,723.222,0.9,739,0.9,902,0.8,1011.25,0.8,932.1,1,759.333,0.9,750.708,0.9,809.263,0.95,679.778,0.9,700.889,0.9,813.118,0.85,710,1,585.556,0.9,627.222,0.9,768.333,0.9,919.556,0.9,774,0.9,774.556,0.9,863.5,0.8,0.957,0.781,0.812,0.875,0.9,0.909,0.75,0.6,1,1,0.9,0.909,0.625,0.9,0.955
Emo_Nback_GE_20160829,LIBR,H9G32LJW,3,941.014,0.9,908.838,0.925,960,0.875,969.395,0.95,924.765,0.85,802.286,0.963,725.947,0.95,861.789,0.95,836.368,0.95,785.9,1,1100.448,0.838,1101.889,0.9,1076.625,0.8,1102.421,0.95,1123.143,0.7,976.792,0.9,876.947,0.95,1090.412,0.85,1062.45,1,867.562,0.8,625.222,0.9,993.556,0.9,889.9,1,670.1,1,1103.5,1,1199.375,0.8,1235,1,1196.667,0.6,905.236,0.9,942.5,0.9,836.833,0.9,866,0.9,975.611,0.9,816.6,1,743.2,1,776.889,0.9,901.7,1,1099.875,0.8,953.875,0.8,955.111,0.9,1068,0.8,0.978,0.938,0.844,0.875,0.9,0.955,0.875,0.8,0.909,0.875,1,0.955,0.75,0.9,0.864
Emo_Nback_GE_20160913,LIBR,KD2D4HP2,2,967.176,0.819,894.722,0.9,928.059,0.85,1008.643,0.7,1051.333,0.825,926.406,0.863,870.211,0.95,859.611,0.9,884.143,0.7,1085.389,0.9,1012.548,0.775,922.118,0.85,1005.062,0.8,1133.143,0.7,1010.467,0.75,966.986,0.863,914.684,0.95,833.789,0.95,1145.385,0.65,1033.944,0.9,890.3,1,752.8,1,883.5,0.6,1144.3,1,941.778,0.9,923.778,0.9,1369.857,0.7,896,0.8,967.387,0.775,872.412,0.85,1047.467,0.75,890.133,0.75,1072.2,0.75,847.889,0.9,993.125,0.8,884.625,0.8,1011.75,0.8,900,0.8,1109.571,0.7,896.429,0.7,1141.286,0.7,0.87,0.875,0.656,0.75,0.8,1,0.875,0.8,0.864,0.5,0.6,0.818,0.5,0.9,0.909
Emo_Nback_GE_20160913,LIBR,MXNTYPJU,1,931.197,0.919,864.342,0.95,899.167,0.9,879.333,0.9,1081.486,0.925,836.747,0.938,764.55,1,734.176,0.85,821.579,0.95,1019.684,0.95,1029.583,0.9,975.222,0.9,1046.789,0.95,943.882,0.85,1146.722,0.9,913.141,0.887,873.333,0.9,851.529,0.85,924.941,0.85,995.421,0.95,748,1,640.125,0.8,886.7,1,868.4,1,1030,0.8,1039.444,0.9,979.571,0.7,1136.556,0.9,948.066,0.95,856.25,1,941.789,0.95,838.526,0.95,1172.333,0.9,781.1,1,817.778,0.9,749.222,0.9,1187.778,0.9,931.4,1,1053.4,1,918.9,1,1156.889,0.9,1,0.969,0.812,1,0.8,1,0.75,0.9,0.955,0.75,0.8,1,0.75,0.9,1
Emo_Nback_GE_20160913,LIBR,NGL4MJW6,1,807.154,0.769,829,0.85,776.774,0.775,723.667,0.75,903.714,0.7,764.943,0.875,768.833,0.9,713.895,0.95,706.5,0.9,895.067,0.75,862.906,0.662,896.688,0.8,876.333,0.6,749.417,0.6,913.692,0.65,812.966,0.725,787.353,0.85,827.25,0.8,862.071,0.7,769.273,0.55,805.778,0.9,635.1,1,834.25,0.8,807,0.5,766.625,0.8,1147.5,0.6,899.167,0.6,737.833,0.6,801.969,0.812,870.647,0.85,722.933,0.75,602.562,0.8,990.706,0.85,731.889,0.9,801.444,0.9,604.3,1,939.1,1,1026.75,0.8,605.167,0.6,599.667,0.6,1064.429,0.7,0.935,0.969,0.469,0.625,1,0.864,0.375,0.8,0.909,0.375,0.6,0.955,0.5,0.8,0.727
Emo_Nback_GE_20160913,LIBR,P6NAG8DY,2,1054.632,0.95,952,0.975,1030.306,0.9,1027.919,0.925,1201.3,1,917.709,0.988,819.3,1,853.368,0.95,938.75,1,1056.2,1,1202.808,0.912,1091.684,0.95,1228.059,0.85,1132.824,0.85,1346.4,1,1145.76,0.938,1041.85,1,1151.944,0.9,1211,0.85,1188.65,1,873.9,1,910,1,1108.6,1,977.6,1,1209.8,1,1454.375,0.8,1357.286,0.7,1399.7,1,965.87,0.963,857.421,0.95,908.667,0.9,872.3,1,1213.95,1,764.7,1,790.444,0.9,768.9,1,1134.8,1,960.444,0.9,1026.889,0.9,975.7,1,1293.1,1,0.978,0.906,0.938,1,0.9,1,0.875,0.8,0.955,0.875,0.9,0.955,1,1,1
Emo_Nback_GE_20160913,LIBR,P9NTMNTN,2,876.293,0.938,847.865,0.925,852.744,0.975,809.811,0.925,996.027,0.925,781.429,0.963,786.263,0.95,732.85,1,711.35,1,908.167,0.9,976.356,0.912,912.889,0.9,978.947,0.95,925.647,0.85,1079.263,0.95,897.662,0.925,784,0.85,878.65,1,862.389,0.9,1052.789,0.95,764,0.9,742.9,1,763.2,1,994.667,0.9,806.5,0.8,1014.4,1,986.375,0.8,1105.1,1,855.487,0.95,902.15,1,825.474,0.95,760,0.95,936.111,0.9,806.3,1,722.8,1,659.5,1,821.667,0.9,998,1,939.556,0.9,871.667,0.9,1050.556,0.9,0.957,0.938,0.875,0.75,1,0.955,1,0.9,1,1,0.8,0.955,0.75,1,0.955
Emo_Nback_GE_20160913,LIBR,RBTUEV72,2,926.092,0.95,877.947,0.95,910.846,0.975,876.108,0.925,1038.553,0.95,768.859,0.975,769.3,1,669.45,1,654.222,0.9,971,1,1091.824,0.925,998.667,0.9,1164.947,0.95,1086.316,0.95,1113.611,0.9,961.558,0.963,917.5,0.9,881.4,1,919.842,0.95,1121,1,739.3,1,651.3,1,737.1,1,1184.4,1,1140.25,0.8,1111.5,1,1122.889,0.9,1057.6,1,889.68,0.938,842.35,1,941.842,0.95,829.944,0.9,946.944,0.9,799.3,1,687.6,1,550.625,0.8,757.6,1,885.4,1,1224.333,0.9,1053.4,1,1183.625,0.8,0.978,1,0.938,0.875,1,0.955,1,1,0.955,0.875,0.8,1,1,0.9,0.955
Emo_Nback_GE_20160829,LIBR,TM382X5A,4,954.714,0.394,1003.5,0.45,944.111,0.45,814.778,0.225,986.5,0.45,1067.6,0.312,1228.125,0.4,984.5,0.5,968,0.1,1016.8,0.25,880.447,0.475,823.8,0.5,893.625,0.4,771,0.35,974.846,0.65,1002,0.463,1046.5,0.6,1051,0.5,737,0.25,1032.1,0.5,1250.5,0.6,1123.571,0.7,1053,0.1,786.25,0.4,842.5,0.6,881.667,0.3,658,0.4,1196,0.6,887.423,0.325,917.5,0.3,810.5,0.4,912,0.2,929.5,0.4,1161,0.2,660,0.3,883,0.1,1939,0.1,795.75,0.4,900.8,0.5,921.667,0.3,785.286,0.7,0.326,0.375,0.375,0.25,0.4,0.545,0.5,0.3,0.5,0.125,0.3,0.227,0.625,0.5,0.364
Emo_Nback_GE_20160913,LIBR,UY8GTG7G,1,1156.661,0.775,1139.118,0.85,1165.912,0.85,1195.867,0.75,1122.269,0.65,1106.333,0.863,1058.111,0.9,1063.588,0.85,1240.167,0.9,1055.438,0.8,1219.8,0.688,1230.25,0.8,1268.235,0.85,1129.417,0.6,1229.2,0.5,1126.052,0.725,1101.857,0.7,1136.5,0.9,1184.615,0.65,1079.077,0.65,990.25,0.8,1005.7,1,1374.625,0.8,912.125,0.8,1250.667,0.6,1300,0.8,880.6,0.5,1346.2,0.5,1183.561,0.825,1165.2,1,1199,0.8,1204.471,0.85,1165.462,0.65,1112.4,1,1146.286,0.7,1132.6,1,1198.75,0.8,1218,1,1240,0.9,1307.143,0.7,1112.2,0.5,0.913,0.719,0.562,0.75,0.9,0.864,0.875,0.6,0.955,0.625,0.6,0.864,0,0.8,0.818
Emo_Nback_GE_20160913,LIBR,VAMKAM75,1,1004.765,0.744,902.148,0.675,981.6,0.75,1044.788,0.825,1078.724,0.725,983.029,0.875,819.294,0.85,1007.556,0.9,1060.556,0.9,1038.706,0.85,1035.816,0.613,1043,0.5,942.667,0.6,1025.867,0.75,1135.417,0.6,994.317,0.787,817.231,0.65,1043.267,0.75,1068.833,0.9,1007.647,0.85,740.889,0.9,988.625,0.8,1037.4,1,942.1,1,989,0.4,1105.714,0.7,1108.125,0.8,1101.286,0.7,1016.518,0.7,981,0.7,919.933,0.75,1015.933,0.75,1179.417,0.6,907.5,0.8,1022.7,1,1089.5,0.8,1176.714,0.7,1079,0.6,714.4,0.5,931.857,0.7,1183.2,0.5,0.913,0.656,0.625,0.5,0.5,0.818,0.5,0.8,0.818,1,0.6,0.864,0.5,0.5,0.909
Emo_Nback_GE_20160913,LIBR,XVT1UD9C,1,799.333,0.15,735.429,0.175,905.25,0.1,728.6,0.125,846.5,0.2,834.333,0.113,655,0.1,1265,0.05,982.5,0.1,742.25,0.2,778.333,0.188,767.6,0.25,785.333,0.15,559.333,0.15,950.75,0.2,854.6,0.188,767.6,0.25,1048.333,0.15,582.667,0.15,1022,0.2, NaN,0,1265,0.1,939,0.1,785,0.1,767.6,0.5,940,0.2,404.5,0.2,1101,0.3,707.222,0.113,655,0.1,476,0.05,947.5,0.1,671,0.2,655,0.2, NaN,0,1026,0.1,728,0.3, NaN,0,476,0.1,869,0.1,500,0.1,0.087,0.188,0.25,0.25,0.3,0.091,0,0.3,0.045,0.25,0,0.136,0.5,0.2,0.091
Emo_Nback_GE_20160913,LIBR,YBXMBLAD,2,992.545,0.412,948.2,0.5,969,0.75,1092.125,0.4, NaN,0,861.95,0.5,948.2,1,775.7,1, NaN,0, NaN,0,1193.462,0.325, NaN,0,1355.6,0.5,1092.125,0.8, NaN,0,992.545,0.412,948.2,0.5,969,0.75,1092.125,0.4, NaN,0,948.2,1,775.7,1, NaN,0, NaN,0, NaN,0,1355.6,0.5,1092.125,0.8, NaN,0, NaN, NaN, NaN, NaN, NaN, NaN, NaN, NaN, NaN, NaN, NaN, NaN, NaN, NaN, NaN, NaN, NaN, NaN, NaN, NaN, NaN, NaN, NaN, NaN, NaN, NaN,0.435,0.438,0.438,0.5,0.6,0.455,0.75,0.6,0.818,0.5,0.2,0.455,0,0,0
Emo_Nback_20160913,OAHU,TEST03F5,1,585,0.981,549.95,1,543.923,0.975,568.7,1,681.211,0.95,462.375,1,443.4,1,441.75,1,465.2,1,499.15,1,712.403,0.963,656.5,1,651.474,0.95,672.2,1,883.5,0.9,585.025,0.988,538.05,1,526.65,1,582,1,699.105,0.95,432.1,1,401.1,1,482.3,1,470.5,1,644,1,652.2,1,681.7,1,953.111,0.9,584.974,0.975,561.85,1,562.105,0.95,555.4,1,663.316,0.95,454.7,1,482.4,1,448.1,1,527.8,1,669,1,650.667,0.9,662.7,1,813.889,0.9,1,1,0.938,1,1,1,1,0.9,1,1,1,1,0.75,1,1
Emo_Nback_20160913,OAHU,TEST5DDD,3,985.787,0.881,966.658,0.95,985.486,0.875,947.538,0.975,1062.655,0.725,928.362,0.863,851.7,1,1039,0.85,872.684,0.95,983,0.65,1040.819,0.9,1094.389,0.9,934.944,0.9,1018.65,1,1127.375,0.8,1046.075,0.838,1021.15,1,986.941,0.85,1016.947,0.95,1233.091,0.55,790.1,1,1042.714,0.7,986.444,0.9,905.667,0.3,1252.2,1,947.9,1,1044.4,1,1355.875,0.8,931.203,0.925,906.111,0.9,984.111,0.9,881.6,1,958.5,0.9,913.3,1,1036.4,1,770.3,1,1006.2,1,897.125,0.8,918.75,0.8,992.9,1,898.875,0.8,0.957,0.875,0.75,0.75,1,1,0.75,0.7,1,0.875,1,1,0.625,0.7,0.773
Emo_Nback_20160913,OAHU,TEST5F11,1,750.987,0.944,682.25,1,653.5,0.95,820.865,0.925,858.444,0.9,690.973,0.938,642.55,1,615.556,0.9,743.842,0.95,764.389,0.9,810.211,0.95,721.95,1,687.65,1,902.167,0.9,952.5,0.9,708.171,0.95,696.75,1,622.167,0.9,756.632,0.95,753.211,0.95,689.2,1,611.25,0.8,718.778,0.9,676.3,1,704.3,1,630.9,1,790.7,1,838.667,0.9,794.373,0.938,667.75,1,681.7,1,888.667,0.9,976.059,0.85,595.9,1,619,1,766.4,1,874.5,0.8,739.6,1,744.4,1,1041.5,0.8,1066.333,0.9,0.978,0.938,0.812,1,1,1,0.875,0.9,1,0.875,0.9,0.955,0.5,1,1
Emo_Nback_20160913,OAHU,TEST6B11,2,771.833,0.9,814.892,0.925,709.105,0.95,700,0.85,864.2,0.875,729.829,0.95,733.889,0.9,610,1,703.95,1,887.667,0.9,818.779,0.85,891.632,0.95,819.222,0.9,694.357,0.7,839.353,0.85,770.581,0.925,786.789,0.95,637.632,0.95,791.947,0.95,877.176,0.85,661.6,1,479.7,1,827.8,1,944.5,0.8,925.889,0.9,813.111,0.9,752.111,0.9,817.333,0.9,773.157,0.875,844.556,0.9,780.579,0.95,583.533,0.75,851.944,0.9,824.25,0.8,740.3,1,580.1,1,842.2,1,860.8,1,825.333,0.9,590.4,0.5,864.125,0.8,0.913,0.906,0.75,0.75,1,0.955,0.75,1,1,0.75,0.8,0.909,0.75,0.9,0.909
Emo_Nback_GE_20160913,SRI,18YX7994,3,940.25,0.05,592,0.025,967,0.1,955,0.05,1152,0.025,865.5,0.05, NaN,0,776,0.1,955,0.1, NaN,0,1015,0.05,592,0.05,1158,0.1, NaN,0,1152,0.05,922.8,0.062, NaN,0,776,0.1,955,0.1,1152,0.05, NaN,0,776,0.2,955,0.2, NaN,0, NaN,0, NaN,0, NaN,0,1152,0.1,969.333,0.037,592,0.05,1158,0.1, NaN,0, NaN,0, NaN,0, NaN,0, NaN,0, NaN,0,592,0.1,1158,0.2, NaN,0, NaN,0,0,0.031,0.062,0,0,0.045,0.125,0,0.136,0.125,0.1,0,0,0.1,0
Emo_Nback_GE_20160913,SRI,54AFKCAX,1,1139.143,0.131,1168.5,0.1,1184.167,0.15,1033.333,0.075,1130.375,0.2,1033.667,0.113,888,0.1,764.5,0.1, NaN,0,1199.6,0.25,1218.25,0.15,1449,0.1,1394,0.2,1033.333,0.15,1015,0.15,1327.1,0.125,1449,0.1,1396.75,0.2,1170.5,0.1,1222.5,0.1, NaN,0,1016,0.1, NaN,0,1497,0.1,1449,0.2,1523.667,0.3,1170.5,0.2,948,0.1,968.273,0.138,888,0.1,759,0.1,759,0.05,1099.667,0.3,888,0.2,513,0.1, NaN,0,1125.25,0.4, NaN,0,1005,0.1,759,0.1,1048.5,0.2,0.13,0.062,0.156,0.125,0.1,0.091,0.125,0.2,0.136,0,0.1,0.091,0.375,0.3,0.091
Emo_Nback_20160913,UCLA,Z9T3MCZC,1,970.489,0.869,968.605,0.95,938.73,0.925,896.056,0.9,1110.714,0.7,907.463,0.838,849.211,0.95,924.176,0.85,850.75,1,1085.364,0.55,1029.139,0.9,1088,0.95,951.1,1,952.688,0.8,1127.118,0.85,1061.641,0.8,1026.667,0.9,1034.5,0.9,975.235,0.85,1296.818,0.55,876.556,0.9,1093.125,0.8,917.6,1,1551,0.3,1176.778,0.9,987.6,1,1057.571,0.7,1201.5,0.8,892.707,0.938,916.35,1,848,0.95,825.211,0.95,990.294,0.85,824.6,1,774,0.9,783.9,1,910.75,0.8,1008.1,1,914.6,1,871.111,0.9,1061,0.9,0.891,0.844,0.719,0.875,0.9,1,0.625,1,1,1,0.9,0.864,0.375,0.6,0.864
Emo_Nback_20160913,UCLA,ZYL1TF3C,4,1217.533,0.75,1144.419,0.775,1204.929,0.7,1178.839,0.775,1344.833,0.75,1234.441,0.738,1191.571,0.7,1130.467,0.75,1190.143,0.7,1408.188,0.8,1201.18,0.762,1105.588,0.85,1290.846,0.65,1169.529,0.85,1272.429,0.7,1242.984,0.775,1185.267,0.75,1239.133,0.75,1137.222,0.9,1444.929,0.7,1313,0.6,1160.875,0.8,1141.556,0.9,1474.143,0.7,1100.111,0.9,1328.571,0.7,1132.889,0.9,1415.714,0.7,1190.328,0.725,1106.125,0.8,1165.462,0.65,1236.462,0.65,1257.25,0.8,1100.5,0.8,1095.714,0.7,1277.6,0.5,1356.889,0.9,1111.75,0.8,1246.833,0.6,1210.75,0.8,1129.143,0.7,0.935,0.5,0.812,0.875,0.2,1,0.75,0.3,0.864,0.875,0.4,0.909,0.75,0.4,0.909
Emo_Nback_GE_20160829,UCSD,31JTFZ92,2,1051.632,0.475,1159.474,0.475,947.789,0.475,996.95,0.5,1108.167,0.45,1029.419,0.388,1030.833,0.3,1003.429,0.35,921.455,0.55,1223.857,0.35,1066.933,0.562,1218.846,0.65,915.333,0.6,1089.222,0.45,1034.545,0.55,1085.208,0.3,1118.4,0.25,1140.286,0.35,1046.667,0.3,1031.833,0.3, NaN,0,1106,0.1,880.333,0.3,1490.5,0.2,1118.4,0.5,1146,0.6,1213,0.3,802.5,0.4,1036.135,0.65,1174.143,0.7,835.5,0.6,975.643,0.7,1146.333,0.6,1030.833,0.6,986.333,0.6,936.875,0.8,1117.2,0.5,1281.625,0.8,684.667,0.6,1027.333,0.6,1167.143,0.7,0.674,0.469,0.344,0.25,0.3,0.636,0.25,0.2,0.682,0.375,0.3,0.636,0.5,0.4,0.455
Emo_Nback_GE_20160913,UCSD,8ZT3RL78,3,910.318,0.944,811.737,0.95,949.211,0.95,859.795,0.975,1028.056,0.9,828.56,0.938,753,1,888.833,0.9,783.632,0.95,899.667,0.9,991,0.95,877,0.9,1003.55,1,932.15,1,1156.444,0.9,948.293,0.938,791.632,0.95,1015.316,0.95,882.737,0.95,1112.111,0.9,775.4,1,891.556,0.9,871.444,0.9,870.1,1,809.667,0.9,1126.7,1,892.9,1,1414.625,0.8,872.842,0.95,831.842,0.95,883.105,0.95,838,1,944,0.9,730.6,1,886.111,0.9,704.6,1,936.625,0.8,944.333,0.9,880.4,1,971.4,1,949.9,1,0.978,0.906,0.969,1,0.9,0.955,1,0.9,0.955,1,0.9,1,0.875,0.9,0.909
Emo_Nback_GE_20160913,UCSD,E1XFB4MU,2,937.986,0.875,872.029,0.85,915.889,0.9,900.194,0.9,1067.353,0.85,890.973,0.912,887,0.85,819.65,1,776.333,0.9,1088.611,0.9,989.209,0.838,857.059,0.85,1036.188,0.8,1024.056,0.9,1043.438,0.8,951.771,0.875,892,0.85,927.111,0.9,966.944,0.9,1021.588,0.85,896.625,0.8,828.8,1,765.222,0.9,1118.125,0.8,887.889,0.9,1050,0.8,1168.667,0.9,935.778,0.9,924.2,0.875,852.059,0.85,904.667,0.9,833.444,0.9,1113.118,0.85,878.444,0.9,810.5,1,787.444,0.9,1065,1,822.375,0.8,1022.375,0.8,879.444,0.9,1181.857,0.7,1,0.688,0.75,0.5,0.8,1,1,0.7,0.955,1,0.6,1,0.5,0.8,1
Emo_Nback_GE_20160913,UCSD,KJ30FGZ0,2,1164.881,0.738,1044.759,0.725,1199.828,0.725,1117.903,0.775,1300.276,0.725,1189.1,0.75,988.5,0.8,1168.867,0.75,1299.067,0.75,1322.214,0.7,1139.828,0.725,1114,0.65,1233,0.7,948.062,0.8,1279.8,0.75,1182.035,0.713,1190.333,0.6,1176.2,0.75,1071.786,0.7,1277.75,0.8,1170.429,0.7,1065.571,0.7,1137,0.5,1270.5,0.8,1218.2,0.5,1273,0.8,1035.556,0.9,1285,0.8,1148.852,0.762,942,0.85,1225.143,0.7,1155.882,0.85,1328,0.65,847,0.9,1259.25,0.8,1380.1,1,1391.167,0.6,1048.875,0.8,1179.667,0.6,835.571,0.7,1273.857,0.7,0.826,0.688,0.75,0.75,0.4,0.864,0.625,0.6,0.818,0.875,0.5,0.864,0.75,0.5,0.818
Emo_Nback_GE_20160913,UCSD,L7KKBD44,1,1202.878,0.613,1090.16,0.625,1229.25,0.5,1198.069,0.725,1304.125,0.6,1297.066,0.762,1261.412,0.85,1373.769,0.65,1258.25,0.8,1312.4,0.75,1047.595,0.463,726.25,0.4,960.857,0.35,1124,0.65,1290.333,0.45,1293.478,0.575,1425.545,0.55,1147,0.35,1203.867,0.75,1364,0.65,1410.444,0.9,1210.833,0.6,1480.889,0.9,1466.875,0.8,1493.5,0.2,764,0.1,788.333,0.6,1199.4,0.5,1122.731,0.65,826.643,0.7,1273.538,0.65,1191.857,0.7,1233.364,0.55,1093.75,0.8,1513.429,0.7,972,0.7,1135.857,0.7,470.5,0.6,993.667,0.6,1411.714,0.7,1404,0.4,0.717,0.5,0.344,0.5,0.5,0.727,0.125,0.4,0.682,0.5,0.8,0.773,0.25,0.6,0.727
Emo_Nback_GE_20160913,UCSD,MX57RL1Z,2,925.485,0.825,952.294,0.85,1007.114,0.875,808.758,0.825,928.267,0.75,819.409,0.825,807.562,0.8,943.9,1,595.25,0.8,911.286,0.7,1031.561,0.825,1080.944,0.9,1091.4,0.75,1009.706,0.85,943.125,0.8,1052.338,0.85,1122.333,0.9,1099.167,0.9,926.778,0.9,1063.571,0.7,934,0.9,1068.7,1,736.778,0.9,1126.167,0.6,1310.667,0.9,1137.25,0.8,1116.778,0.9,1016.625,0.8,790.703,0.8,761,0.8,909.647,0.85,667.133,0.75,809.875,0.8,645,0.7,819.1,1,413.286,0.7,750.125,0.8,851.222,0.9,1039,0.7,889.25,0.8,869.625,0.8,0.913,0.812,0.562,0.375,0.9,1,0.625,0.9,0.955,0.75,0.8,0.864,0.5,0.7,0.864
Emo_Nback_GE_20160829,UCSD,XE1AD04X,2,953.254,0.394,1000,0.425,912,0.475,900.471,0.425,1041.9,0.25,974.875,0.4,967.875,0.4,1032.4,0.5,754.889,0.45,1267,0.25,930.935,0.388,1028.556,0.45,778.222,0.45,1064.25,0.4,816.8,0.25,813.682,0.275,1023.333,0.3,711.1,0.5,842.667,0.15,707.333,0.15,989.333,0.3,941,0.4,617,0.2, NaN,0,1057.333,0.3,557.833,0.6,1294,0.1,707.333,0.3,1028.146,0.512,987.273,0.55,1135.222,0.45,912.857,0.7,1185.286,0.35,955,0.5,1093.333,0.6,794.286,0.7,1267,0.5,1014.167,0.6,1219,0.3,1031.429,0.7,981,0.2,0.478,0.188,0.375,0.375,0.1,0.591,0.5,0.2,0.591,0.25,0.4,0.5,0.375,0.1,0.273
Emo_Nback_GE_20160829,UCSD,ZNW7Y6R1,1,945.5,0.2,814.286,0.175,929.143,0.175,949.111,0.225,1056.667,0.225,1046.765,0.212,929,0.15,930,0.25,1062.4,0.25,1261.5,0.2,830.733,0.188,728.25,0.2,927,0.1,807.5,0.2,892.8,0.25,995.125,0.2,934.5,0.2,998,0.2,922.333,0.15,1085,0.25,975.5,0.2,1069,0.2,1013,0.2,1231.667,0.3,893.5,0.2,927,0.2,741,0.1,865,0.2,895.875,0.2,654,0.15,837.333,0.15,962.5,0.3,1021.25,0.2,836,0.1,837.333,0.3,1095.333,0.3,1351,0.1,563,0.2, NaN,0,829.667,0.3,911.333,0.3,0.043,0.438,0.062,0,0.7,0,0,0.7,0,0,0.8,0.045,0.25,0.6,0.045
Emo_Nback_GE_20160829,UMICH,2X8P07FC,4,1018.01,0.656,983.083,0.6,1059.607,0.7,1047.815,0.675,974.5,0.65,1008.467,0.562,988.143,0.35,1033.273,0.55,1080.812,0.8,891.364,0.55,1025.167,0.75,981,0.85,1076.647,0.85,999.818,0.55,1035.467,0.75,1078.872,0.487,1067.9,0.5,1219.583,0.6,956.3,0.5,1028.429,0.35,998,0.1,1206,0.4,962.571,0.7,910,0.2,1075.667,0.9,1226.375,0.8,941.667,0.3,1075.8,0.5,982.045,0.825,922.5,0.7,939.625,0.8,1101.647,0.85,954.632,0.95,986.5,0.6,934.571,0.7,1172.778,0.9,887.222,0.9,874.5,0.8,943.556,0.9,1021.625,0.8,1015.3,1,0.609,0.312,0.688,0.5,0.5,0.682,0.75,0.4,0.818,0.75,0.7,0.636,0.75,0.6,0.636
Emo_Nback_GE_20160913,UMICH,395VW31D,2,962.979,0.606,1093.69,0.725,868.913,0.575,937.333,0.675,911.056,0.45,995.727,0.688,1121.733,0.75,974.308,0.65,954.467,0.75,913,0.6,920.095,0.525,1063.643,0.7,731.9,0.5,915.917,0.6,907.167,0.3,1048.978,0.575,1058.2,0.75,1094.182,0.55,1030.385,0.65,992.714,0.35,1129,0.8,1150,0.6,831.571,0.7,1036.167,0.6,977.286,0.7,1027.2,0.5,1262.333,0.6,732,0.1,885.412,0.637,1131.714,0.7,662.417,0.6,850.929,0.7,859.091,0.55,1113.429,0.7,823.714,0.7,1062,0.8,789.833,0.6,1150,0.7,436.6,0.5,569.5,0.6,942.2,0.5,0.826,0.781,0.281,0.375,0.9,0.773,0.375,0.5,0.682,0.125,0.9,0.773,0.25,0.5,0.5
Emo_Nback_GE_20160913,UMICH,5UHHRZBV,3,1158.1,0.125,974,0.025,1159.417,0.3,1349.667,0.075,1056.5,0.1,1144.455,0.138, NaN,0,1027.333,0.3,1349.667,0.15,1188,0.1,1174.778,0.113,974,0.05,1291.5,0.3, NaN,0,925,0.1,1163.545,0.138, NaN,0,1141.667,0.45,1399,0.05,1125,0.05, NaN,0,1027.333,0.6,1399,0.1,1125,0.1, NaN,0,1370.333,0.3, NaN,0, NaN,0,1151.444,0.113,974,0.05,1212.667,0.15,1325,0.1,1033.667,0.15, NaN,0, NaN,0,1325,0.2,1251,0.1,974,0.1,1212.667,0.3, NaN,0,925,0.2,0.065,0.188,0.312,0.125,0,0,0.5,0.5,0.136,0.25,0,0.045,0.375,0,0.045
Emo_Nback_GE_20160913,UMICH,64GAJKPV,4,1103.415,0.769,1115.583,0.9,1087.364,0.825,1118.788,0.825,1083.619,0.525,994.373,0.738,950.833,0.9,956.706,0.85,986.875,0.8,1187.375,0.4,1203.938,0.8,1280.333,0.9,1226.188,0.8,1242.941,0.85,1019.769,0.65,1084.746,0.738,1096.941,0.85,1049.625,0.8,1089.188,0.8,1113.1,0.5,972.5,0.8,911.667,0.9,899.714,0.7,1276.667,0.3,1207.556,0.9,1227,0.7,1236.556,0.9,1043,0.7,1120.625,0.8,1132.263,0.95,1122.882,0.85,1146.647,0.85,1056.818,0.55,933.5,1,1007.375,0.8,1054.667,0.9,1133.8,0.5,1353.111,0.9,1225.556,0.9,1250.125,0.8,992.667,0.6,0.848,0.812,0.75,1,0.8,0.909,0.75,0.8,0.864,0.875,0.4,1,0.375,0.5,0.591
Emo_Nback_GE_20160913,UMICH,AWAEU3P4,4,1143.434,0.894,1042.432,0.925,1193.882,0.85,1074.027,0.925,1274.571,0.875,1049.234,0.963,1005.55,1,1067.412,0.85,943,1,1183.7,1,1253.333,0.825,1085.824,0.85,1320.353,0.85,1228.176,0.85,1395.733,0.75,1180.37,0.912,1028.333,0.9,1266.421,0.95,1106.421,0.95,1327.824,0.85,969.4,1,1147.5,1,963.8,1,1266.5,1,1102,0.8,1398.556,0.9,1264.889,0.9,1415.429,0.7,1104.914,0.875,1055.789,0.95,1102,0.75,1039.833,0.9,1224.278,0.9,1041.7,1,953,0.7,922.2,1,1100.9,1,1071.444,0.9,1232.375,0.8,1186.875,0.8,1378.5,0.8,0.891,0.938,0.844,0.875,1,0.909,0.75,0.9,0.864,1,0.8,0.955,0.75,0.9,0.909
Emo_Nback_GE_20160913,UMICH,BTLEZJL0,3,1227.778,0.225,1260,0.225,1220.5,0.3,1226.222,0.225,1196.333,0.15,1244.042,0.3,1251,0.4,1210.857,0.35,1220.833,0.3,1349.333,0.15,1195.25,0.15,1332,0.05,1234,0.25,1237,0.15,1043.333,0.15,1220.2,0.25,1158.6,0.25,1201.5,0.4,1293.2,0.25,1266.5,0.1,1115.25,0.4,1087.75,0.4,1257.667,0.3,1408,0.1,1332,0.1,1315.25,0.4,1346.5,0.2,1125,0.1,1237.25,0.2,1386.75,0.2,1258.5,0.2,1142.5,0.2,1161.25,0.2,1386.75,0.4,1375,0.3,1184,0.3,1320,0.2, NaN,0,909,0.1,1018,0.1,1002.5,0.2,0.065,0.312,0.219,0.25,0.5,0.091,0.375,0.6,0.136,0.125,0.8,0,0.125,0.5,0
Emo_Nback_GE_20160913,UMICH,C96XA4XL,1,1036.213,0.85,1060.273,0.825,995.703,0.925,1029.892,0.925,1068.586,0.725,962.855,0.95,959.263,0.95,922.158,0.95,891.05,1,1089.389,0.9,1129.133,0.75,1197.357,0.7,1073.333,0.9,1193.235,0.85,1034.545,0.55,1015.773,0.825,1105.214,0.7,946.444,0.9,1045.722,0.9,981.812,0.8,1098.556,0.9,849.1,1,954.2,1,1083.4,1,1117.2,0.5,1068.125,0.8,1160.125,0.8,812.5,0.6,1055.486,0.875,1027.158,0.95,1042.368,0.95,1014.895,0.95,1175.385,0.65,833.9,1,1003.333,0.9,827.9,1,1096.875,0.8,1241.889,0.9,1077.5,1,1222.667,0.9,1301,0.5,0.957,0.812,0.719,0.875,0.6,0.909,0.875,0.8,1,0.75,0.9,1,0.375,0.7,0.864
Emo_Nback_GE_20160913,UMICH,DE8G5XB3,2,738.527,0.806,623.629,0.875,873.848,0.825,711.375,0.8,753.172,0.725,882.845,0.887,781.316,0.95,1073.706,0.85,806.375,0.8,878,0.95,561.862,0.725,436.375,0.8,661.5,0.8,616.375,0.8,516,0.5,836.344,0.8,707.389,0.9,1008.938,0.8,831,0.85,809.462,0.65,888.7,1,1237.875,0.8,788.556,0.9,863.8,1,480.75,0.8,780,0.8,878.75,0.8,628.333,0.3,642.215,0.812,534.941,0.85,746.706,0.85,575.8,0.75,707.438,0.8,662,0.9,927.778,0.9,829.286,0.7,893.778,0.9,392,0.8,543,0.8,354,0.8,467.857,0.7,0.957,1,0.312,0.375,1,1,0.25,1,0.955,0.25,0.8,1,0.375,1,0.727
Emo_Nback_GE_20160913,UMICH,EYLZ9J7D,3,843.106,0.825,783.056,0.9,898.621,0.725,731.212,0.825,967.941,0.85,818.958,0.887,752.85,1,862.357,0.7,719.222,0.9,951.053,0.95,871.213,0.762,820.812,0.8,932.467,0.75,745.6,0.75,989.333,0.75,948.354,0.812,839.235,0.85,1058.267,0.75,783.706,0.85,1136.188,0.8,804.3,1,1054.714,0.7,772.667,0.9,1151,0.9,889.143,0.7,1061.375,0.8,796.125,0.8,1117.143,0.7,741,0.838,732.789,0.95,727.571,0.7,675.438,0.8,818.389,0.9,701.4,1,670,0.7,665.778,0.9,771.1,1,767.667,0.9,785.143,0.7,687.857,0.7,877.5,0.8,0.978,0.844,0.406,0.625,0.9,1,0.125,0.7,0.955,0.375,0.8,1,0.5,0.9,0.955
Emo_Nback_GE_20160913,UMICH,FVBUVXGF,4,1113.869,0.906,1073.026,0.975,1167.914,0.875,1090.103,0.975,1133.5,0.8,1060.767,0.912,1086.3,1,1156.125,0.8,982.45,1,1033.118,0.85,1167.708,0.9,1059.053,0.95,1177.842,0.95,1203.421,0.95,1247.267,0.75,1237.581,0.925,1237.368,0.95,1296.947,0.95,1139.65,1,1289.75,0.8,1298.9,1,1273.9,1,1021.1,1,1103.4,1,1169,0.9,1322.556,0.9,1258.2,1,1600.333,0.6,984.93,0.887,916.9,1,1014.688,0.8,1037.947,0.95,977.25,0.8,873.7,1,959.833,0.6,943.8,1,932.714,0.7,960.1,1,1047.6,1,1142.556,0.9,1011.889,0.9,0.957,0.938,0.844,1,0.9,1,0.75,0.9,0.909,1,0.9,1,0.625,0.6,0.955
Emo_Nback_GE_20160913,UMICH,H93DJ60C,1,973.197,0.825,943.867,0.75,1060.727,0.825,936.108,0.925,953.312,0.8,906.69,0.887,887.125,0.8,1078.167,0.9,856.7,1,802.353,0.85,1050.607,0.762,1008.714,0.7,1039.8,0.75,1029.529,0.85,1124.4,0.75,980.735,0.85,972.333,0.75,1066.75,0.8,968.263,0.95,924.444,0.9,903,0.8,1145.556,0.9,913.6,1,745.9,1,1051.571,0.7,965.429,0.7,1029,0.9,1147.625,0.8,965.188,0.8,915.4,0.75,1055.059,0.85,902.167,0.9,990.429,0.7,871.25,0.8,1010.778,0.9,799.8,1,883,0.7,965.857,0.7,1104.875,0.8,1030.125,0.8,1097.857,0.7,0.978,0.562,0.75,0.625,0.5,0.909,0.875,0.5,0.955,1,0.8,0.955,0.5,0.8,0.909
Emo_Nback_GE_20160913,UMICH,LKWJTNDZ,4,1290.905,0.725,1228.906,0.8,1287.893,0.7,1276.16,0.625,1369.516,0.775,1218.825,0.787,1212.842,0.95,1185.214,0.7,1191.929,0.7,1278.875,0.8,1376.585,0.662,1252.385,0.65,1390.571,0.7,1383.364,0.55,1466.2,0.75,1296.836,0.762,1183.556,0.9,1247.438,0.8,1298.333,0.6,1484.267,0.75,1133.3,1,1188.889,0.9,1202.714,0.7,1366.143,0.7,1246.375,0.8,1322.714,0.7,1432.2,0.5,1587.625,0.8,1284.327,0.688,1287.214,0.7,1341.833,0.6,1255.692,0.65,1261.938,0.8,1301.222,0.9,1178.6,0.5,1181.143,0.7,1211,0.9,1262,0.5,1458.429,0.7,1342.667,0.6,1327.429,0.7,0.804,0.531,0.594,0.75,0.7,0.864,0.625,0.3,0.909,0.375,0.5,0.773,0.625,0.4,1
Emo_Nback_GE_20160913,UMICH,NTBJKLYB,4,934.612,0.919,875.975,1,915.895,0.95,885.316,0.95,1093.645,0.775,903.868,0.85,887.15,1,832.278,0.9,914.944,0.9,1022.5,0.6,961.076,0.988,864.8,1,991.15,1,858.65,1,1138.579,0.95,1004.579,0.95,985.7,1,914,1,950.4,1,1209.125,0.8,1001.9,1,826.2,1,1075.7,1,1163,0.7,969.5,1,1001.8,1,825.1,1,1245,0.9,859.718,0.887,766.25,1,918,0.9,813,0.9,970.467,0.75,772.4,1,839.875,0.8,714,0.8,825.8,0.5,760.1,1,980.5,1,892.2,1,1042.8,1,0.913,0.906,0.812,1,1,1,1,0.9,0.955,0.75,1,1,0.5,0.8,0.864
Emo_Nback_GE_20160913,UMICH,PZ879XG6,2,1081.098,0.831,1039.3,0.75,1046.029,0.875,1055,0.95,1196.867,0.75,979.629,0.775,870.6,0.5,931.579,0.95,928.158,0.95,1192.571,0.7,1169.704,0.887,1123.65,1,1181.938,0.8,1181.842,0.95,1200.625,0.8,1113.082,0.762,1115.1,0.5,1077.111,0.9,1083.263,0.95,1198.357,0.7, NaN,0,945.5,1,962.3,1,1287.375,0.8,1115.1,1,1241.625,0.8,1217.667,0.9,1079.667,0.6,1054,0.9,1001.4,1,1013.118,0.85,1026.737,0.95,1195.562,0.8,870.6,1,916.111,0.9,890.222,0.9,1066.167,0.6,1132.2,1,1122.25,0.8,1149.6,1,1273.2,1,0.957,0.812,0.688,0.75,0.7,0.773,0.625,0.9,0.955,1,0.9,0.955,0.375,0.8,0.864
Emo_Nback_GE_20160913,UMICH,WRETMHUC,4,1063.23,0.463,1084.941,0.425,1079.412,0.425,913.737,0.475,1167.81,0.525,1111.824,0.425,1399.333,0.3,1149.125,0.4,814.778,0.45,1170.909,0.55,1021.925,0.5,913.455,0.55,1017.444,0.45,1002.8,0.5,1164.4,0.5,1169.256,0.487,1272.909,0.55,1192.2,0.25,1021.182,0.55,1200.417,0.6,1554.5,0.4,1258.667,0.3,960.75,0.4,1246.429,0.7,1112,0.7,1092.5,0.2,1055.714,0.7,1136,0.5,945.086,0.438,740.333,0.3,1032.417,0.6,766,0.4,1124.333,0.45,1089,0.2,1083.4,0.5,698,0.5,1038.75,0.4,566,0.4,996,0.7,879.333,0.3,1192.8,0.5,0.522,0.469,0.5,0.25,0.4,0.5,0.5,0.4,0.409,0.625,0.3,0.5,0.625,0.3,0.591
Emo_Nback_GE_20160913,UMICH,YDFH103B,3,1133.723,0.588,1074.316,0.475,1104.619,0.525,1060.773,0.55,1238.25,0.8,1163.696,0.575,1462.143,0.35,1095.692,0.65,1069.222,0.45,1142.824,0.85,1105,0.6,848.083,0.6,1119.125,0.4,1054.923,0.65,1346.4,0.75,1073.893,0.7,1225.818,0.55,1036.812,0.8,1027.909,0.55,1042.111,0.9,1443,0.4,916.778,0.9,1036.4,0.5,1027.1,1,1101.714,0.7,1191.143,0.7,1020.833,0.6,1060.875,0.8,1221.895,0.475,866,0.4,1321.6,0.25,1093.636,0.55,1490.429,0.7,1487.667,0.3,1498.25,0.4,1110.25,0.4,1308.143,0.7,493,0.5,615,0.1,1084.143,0.7,1672.714,0.7,0.696,0.438,0.406,0.25,0.1,0.727,0.375,0.4,0.636,0.375,0.3,0.727,0.625,0.8,0.864
Emo_Nback_GE_20160829,UMICH,ZEB043HN,2,1118.609,0.688,1160.815,0.675,1134.906,0.8,997.037,0.675,1186.167,0.6,1067.328,0.762,1130.615,0.65,1074.4,1,887.706,0.85,1257.273,0.55,1182.449,0.613,1188.857,0.7,1235.75,0.6,1182.9,0.5,1126,0.65,1164.714,0.7,1140.308,0.65,1155.412,0.85,1173.077,0.65,1192.923,0.65,1055.429,0.7,1215.9,1,1005.286,0.7,1293.2,0.5,1239.333,0.6,1069,0.7,1368.833,0.6,1130.25,0.8,1070.796,0.675,1179.857,0.7,1111.667,0.75,833.571,0.7,1178.182,0.55,1218.333,0.6,932.9,1,805.4,1,1227.333,0.6,1151,0.8,1469.2,0.5,904,0.4,1119.2,0.5,0.522,0.688,0.781,0.625,0.6,0.727,0.875,0.7,0.818,1,0.8,0.5,0.625,0.5,0.636
Emo_Nback_20160913,UMN,CKDV7GC3,4,1156.194,0.806,1188.143,0.7,1196.909,0.825,1067.167,0.9,1186.406,0.8,1010.164,0.838,1087.562,0.8,1052.684,0.95,883.294,0.85,1017.533,0.75,1314,0.775,1322.25,0.6,1392.643,0.7,1231.684,0.95,1335.412,0.85,1187.846,0.812,1379.643,0.7,1150.25,0.8,995.842,0.95,1285.625,0.8,1366.571,0.7,1026.6,1,810.2,1,1031.625,0.8,1392.714,0.7,1356.333,0.6,1202.111,0.9,1539.625,0.8,1124.047,0.8,996.643,0.7,1240.824,0.85,1146.882,0.85,1087.188,0.8,870.556,0.9,1081.667,0.9,987.714,0.7,1001.429,0.7,1223.6,0.5,1419.875,0.8,1258.3,1,1153.889,0.9,0.978,0.844,0.594,0.625,0.5,0.818,0.625,0.9,0.864,0.75,0.8,1,0.375,0.7,1
Emo_Nback_20160913,UMN,TWCPE3NA,1,1212.8,0.438,1184.75,0.3,1077.1,0.5,1200.3,0.5,1396.167,0.45,1192.054,0.463,1052.167,0.3,1082,0.6,1280.778,0.45,1328.2,0.5,1236.061,0.412,1317.333,0.3,1069.75,0.4,1134.455,0.55,1481.125,0.4,1204.037,0.675,1111,0.5,1079.071,0.7,1224.188,0.8,1372.429,0.7,1052.167,0.6,1134.714,0.7,1326.143,0.7,1309.571,0.7,1199.25,0.4,1023.429,0.7,1144.889,0.9,1435.286,0.7,1242.375,0.2,1553.5,0.1,1072.5,0.3,1104.75,0.2,1479.25,0.2, NaN,0,1008.2,0.5,1122,0.2,1371.667,0.3,1553.5,0.2,1394,0.1,1087.5,0.2,1802,0.1,0.587,0.375,0.469,0.25,0.2,0.364,0.5,0.2,0.636,0.625,0.4,0.5,0.5,0.5,0.409
Emo_Nback_20160913,UTAH,0KPZW3NB,3,905.685,0.894,852.703,0.925,835.286,0.875,842.114,0.875,1090.389,0.9,772.086,0.875,748.105,0.95,719,0.8,748.562,0.8,860.579,0.95,1033.795,0.912,963.111,0.9,933.211,0.95,920.895,0.95,1347.235,0.85,1003.634,0.887,930.3,1,960.188,0.8,890,0.85,1231.056,0.9,737,1,845.833,0.6,749,0.8,918.9,1,1123.6,1,1028.8,1,1015.333,0.9,1621.25,0.8,809.097,0.9,761.412,0.85,730.105,0.95,796.889,0.9,949.722,0.9,760.444,0.9,642.9,1,748.125,0.8,795.778,0.9,762.5,0.8,827,0.9,835.9,1,1103.667,0.9,0.891,0.906,0.781,0.875,1,0.909,0.625,0.8,1,0.75,0.8,0.955,0.875,1,0.864
Emo_Nback_20160913,UTAH,1535421B,2,1079.016,0.8,989.914,0.875,1139.361,0.9,989.943,0.875,1263.727,0.55,961.455,0.825,843.778,0.9,994.579,0.95,950.6,1,1151,0.45,1204.161,0.775,1144.647,0.85,1301.176,0.85,1042.4,0.75,1341.769,0.65,1144.397,0.725,1022,0.9,1311.167,0.9,972.933,0.75,1397.714,0.35,875.778,0.9,1123.556,0.9,891.6,1,1180,0.2,1168.222,0.9,1498.778,0.9,1135.6,0.5,1484.8,0.5,1024.843,0.875,955.941,0.85,967.556,0.9,1002.7,1,1201.2,0.75,811.778,0.9,878.5,1,1009.6,1,1142.714,0.7,1118.125,0.8,1078.875,0.8,995.8,1,1252.375,0.8,0.87,0.875,0.719,0.625,0.9,0.955,0.75,1,0.909,0.875,0.8,0.909,0.625,0.4,0.591
Emo_Nback_20160913,UTAH,21YVF1WJ,2,1005.229,0.738,1025.633,0.75,919.621,0.725,1031.828,0.725,1041.867,0.75,966.774,0.775,980.286,0.7,908.235,0.85,1001.857,0.7,985.294,0.85,1047.804,0.7,1065.312,0.8,935.75,0.6,1059.8,0.75,1115.846,0.65,987.386,0.713,955.067,0.75,851.4,0.75,1080.154,0.65,1081.571,0.7,756.429,0.7,835.125,0.8,1052.429,0.7,1076.286,0.7,1128.875,0.8,870,0.7,1112.5,0.6,1086.857,0.7,1021.902,0.762,1096.2,0.75,992.714,0.7,992.562,0.8,1007.125,0.8,1204.143,0.7,973.222,0.9,951.286,0.7,921.6,1,1001.75,0.8,1027.8,0.5,1024.667,0.9,1149.667,0.6,0.935,0.688,0.594,0.5,0.9,0.773,0.5,0.4,0.955,0.625,0.4,0.909,0.75,0.5,0.864
Emo_Nback_20160913,UTAH,4ET3VY02,3,804.434,0.894,796.556,0.9,802.939,0.825,816,0.975,801.057,0.875,665.253,0.938,621.1,1,689,0.8,663.842,0.95,691.75,1,957.941,0.85,1015.875,0.8,910.176,0.85,960.55,1,946.8,0.75,894.833,0.9,803.389,0.9,907.588,0.85,957.053,0.95,908.556,0.9,631.8,1,801.429,0.7,749.778,0.9,758.9,1,1017.875,0.8,981.9,1,1143.6,1,1095.625,0.8,712.761,0.887,789.722,0.9,691.75,0.8,682,1,687.235,0.85,610.4,1,601.556,0.9,586.5,1,624.6,1,1013.875,0.8,807.714,0.7,777.5,1,776.714,0.7,0.935,0.906,0.781,0.75,0.9,0.955,0.625,0.7,0.955,1,0.9,1,0.75,0.9,0.909
Emo_Nback_20160913,UTAH,52XG9LJ3,3,912.764,0.794,897.6,0.875,876,0.775,857.176,0.85,1044.63,0.675,808.121,0.825,770.211,0.95,816.8,0.75,739.941,0.85,924.733,0.75,1025.984,0.762,1048.875,0.8,931.5,0.8,974.412,0.85,1194.5,0.6,940.883,0.75,893.778,0.9,932.6,0.75,784.25,0.8,1257.091,0.55,690.1,1,795.667,0.6,698.714,0.7,1078.833,0.6,1148.375,0.8,1023.889,0.9,850.778,0.9,1471,0.5,887.582,0.838,901.647,0.85,822.938,0.8,922,0.9,898.562,0.8,859.222,0.9,830.889,0.9,768.8,1,822,0.9,949.375,0.8,812.714,0.7,1113.5,0.8,997,0.7,0.935,0.75,0.438,0.625,0.9,0.955,0.5,0.6,0.955,0.5,0.9,0.955,0.125,0.8,0.818
Emo_Nback_20160913,UTAH,7E8WJTYE,2,1009.885,0.925,1037.395,0.95,965.649,0.925,971.447,0.95,1068.514,0.875,846.273,0.963,876.7,1,714.421,0.95,791.9,1,1012.056,0.9,1187.324,0.887,1215.944,0.9,1230.833,0.9,1170.944,0.9,1128.294,0.85,1035.627,0.938,1027.316,0.95,1040.158,0.95,994.2,1,1088.588,0.85,853.6,1,744.8,1,754.8,1,1145.75,0.8,1220.333,0.9,1368.333,0.9,1233.6,1,1037.778,0.9,983.438,0.912,1047.474,0.95,887,0.9,946.167,0.9,1049.556,0.9,899.8,1,680.667,0.9,829,1,905.1,1,1211.556,0.9,1093.333,0.9,1092.625,0.8,1230.125,0.8,0.957,1,0.75,0.75,1,1,0.625,1,1,0.875,1,0.955,0.75,1,0.864
Emo_Nback_20160830,UTAH,7PXH7ZBR,1,978.26,0.912,984.472,0.9,959.265,0.85,964.974,0.975,1003.676,0.925,896.377,0.963,952.105,0.95,885.632,0.95,850.95,1,899.211,0.95,1069.638,0.863,1020.647,0.85,1052.533,0.75,1085,0.95,1113.944,0.9,967.903,0.9,1010.812,0.8,987.263,0.95,928.211,0.95,951.222,0.9,900.556,0.9,911.2,1,852.4,1,843.556,0.9,1152.571,0.7,1071.778,0.9,1012.444,0.9,1058.889,0.9,988.338,0.925,963.4,1,923.8,0.75,999.9,1,1053.368,0.95,998.5,1,857.222,0.9,849.5,1,949.3,1,928.3,1,1023.667,0.6,1150.3,1,1169,0.9,0.978,0.906,0.781,0.625,0.9,1,0.75,0.8,0.909,1,1,0.955,0.75,0.9,1
Emo_Nback_20160913,UTAH,7X576WFP,2,1044.109,0.575,995.885,0.65,974.045,0.55,1054.88,0.625,1177.053,0.475,998.604,0.6,985.769,0.65,946.231,0.65,1058.8,0.75,990.714,0.35,1093.75,0.55,1006,0.65,1014.222,0.45,1049,0.5,1285.75,0.6,1000.769,0.65,1003.471,0.85,851.083,0.6,1076.167,0.6,1077.636,0.55,979.2,1,826.375,0.8,1068,0.7,956.333,0.6,1038.143,0.7,900.5,0.4,1087.6,0.5,1223.2,0.5,1100.45,0.5,981.556,0.45,1121.6,0.5,1035.231,0.65,1313.75,0.4,1007.667,0.3,1138,0.5,1050.75,0.8,1197,0.1,968.5,0.6,1105.2,0.5,1010.4,0.5,1330.429,0.7,0.609,0.5,0.469,0.625,0.4,0.773,0.375,0.4,0.682,0.5,0.7,0.636,0.375,0.3,0.591
Emo_Nback_20160913,UTAH,7ZE3WGCX,1,954.693,0.856,894.611,0.9,974.375,0.8,894.235,0.85,1057.229,0.875,911.4,0.938,828.2,1,956.75,0.8,888.579,0.95,980,1,1007.065,0.775,977.625,0.8,992,0.8,901.4,0.75,1160.2,0.75,951.227,0.825,955.111,0.9,931.8,0.75,904.125,0.8,1008.588,0.85,861.4,1,892.143,0.7,893.222,0.9,862.2,1,1072.25,0.8,966.5,0.8,918.143,0.7,1217.714,0.7,957.915,0.887,834.111,0.9,1011.941,0.85,885.444,0.9,1103.167,0.9,795,1,1007,0.9,884.4,1,1097.8,1,883,0.8,1017.5,0.8,886.75,0.8,1109.875,0.8,0.978,0.656,0.844,0.875,0.7,1,0.625,0.5,1,0.875,0.6,0.955,1,0.6,0.955
Emo_Nback_20160913,UTAH,87WRYF7F,3,1121.143,0.044,1381,0.025,1030,0.075, NaN,0,1125.667,0.075,838,0.025, NaN,0,639,0.05, NaN,0,1037,0.05,1234.4,0.062,1381,0.05,1225.5,0.1, NaN,0,1170,0.1,1142.333,0.075,1381,0.05,1048,0.1, NaN,0,1125.667,0.15, NaN,0,639,0.1, NaN,0,1037,0.1,1381,0.1,1457,0.1, NaN,0,1170,0.2,994,0.013, NaN,0,994,0.05, NaN,0, NaN,0, NaN,0, NaN,0, NaN,0, NaN,0, NaN,0,994,0.1, NaN,0, NaN,0,0,0.094,0.031,0,0.1,0,0,0.3,0,0,0,0,0.125,0.2,0
Emo_Nback_20160913,UTAH,A01DRNBZ,2,835.176,0.85,908.056,0.9,792.467,0.75,790.771,0.875,841.229,0.875,739.958,0.9,776.1,1,806.882,0.85,616.176,0.85,753.5,0.9,942.297,0.8,1073,0.8,773.615,0.65,955.667,0.9,934.118,0.85,801.113,0.887,930.667,0.9,758.267,0.75,710.789,0.95,802.526,0.95,723.9,1,846.667,0.9,657.1,1,700.3,1,1189.125,0.8,625.667,0.6,770.444,0.9,916.111,0.9,872.385,0.812,885.444,0.9,826.667,0.75,885.75,0.8,887.188,0.8,828.3,1,762.125,0.8,557.714,0.7,820,0.8,956.875,0.8,900.429,0.7,1140.889,0.9,954.375,0.8,0.87,0.875,0.75,0.75,0.9,0.955,0.625,0.7,0.818,0.75,0.9,0.909,0.875,0.9,0.864
Emo_Nback_20160913,UTAH,AGP8V8LW,4,926.336,0.912,951.711,0.95,917.676,0.925,794.714,0.875,1036.417,0.9,888.154,0.975,952.1,1,833.421,0.95,774.526,0.95,984.15,1,970.132,0.85,951.278,0.9,1006.611,0.9,818.688,0.8,1101.75,0.8,961.757,0.925,977.333,0.9,979.25,1,795.105,0.95,1110.941,0.85,988.8,1,821.9,1,751.4,1,993.8,1,963,0.8,1136.6,1,843.667,0.9,1278.286,0.7,889.931,0.9,928.65,1,845.235,0.85,794.25,0.8,969.737,0.95,915.4,1,846.222,0.9,800.222,0.9,974.5,1,941.9,1,844.125,0.8,786.571,0.7,964.444,0.9,0.978,0.969,0.906,1,0.8,1,0.875,0.8,1,0.875,0.6,1,0.875,0.9,0.909
Emo_Nback_20160913,UTAH,AYYK15X7,2,1177.495,0.694,1129.483,0.725,1167.621,0.725,1073.04,0.625,1330.714,0.7,950.333,0.6,937.538,0.65,955.083,0.6,795.455,0.55,1101.417,0.6,1350.571,0.787,1285.438,0.8,1317.647,0.85,1291.143,0.7,1502.688,0.8,1227.583,0.6,1200.917,0.6,1355.25,0.6,1084.9,0.5,1242.929,0.7,1203.167,0.6,1092.5,0.4,858.2,0.5,1019.571,0.7,1198.667,0.6,1486.625,0.8,1311.6,0.5,1466.286,0.7,1139.333,0.787,1079.059,0.85,1035.176,0.85,1065.133,0.75,1418.5,0.7,709.857,0.7,886.375,0.8,743.167,0.6,1216,0.5,1337.5,1,1167.444,0.9,1279.778,0.9,1531,0.9,0.761,0.5,0.531,0.75,0.7,0.727,0.5,0.6,0.864,0.25,0.6,0.773,0.625,0.5,0.818
Emo_Nback_20160913,UTAH,B3CU3GHK,4,959.81,0.756,910.029,0.85,908.581,0.775,966.233,0.75,1078.577,0.65,870.594,0.8,842,0.95,800,0.8,723.538,0.65,1094.625,0.8,1059.982,0.713,996.2,0.75,1024.4,0.75,1151.824,0.85,1052.9,0.5,986.158,0.713,996.375,0.8,891,0.8,928.733,0.75,1208.2,0.5,957.1,1,718.222,0.9,592,0.6,1205.625,0.8,1061.833,0.6,1113.143,0.7,1153.222,0.9,1218.5,0.2,936.344,0.8,833.278,0.9,927.333,0.75,1003.733,0.75,997.562,0.8,714.111,0.9,905.143,0.7,836.286,0.7,983.625,0.8,952.444,0.9,946.75,0.8,1150.25,0.8,1011.5,0.8,0.783,0.875,0.531,0.625,0.9,0.909,0.625,0.9,0.773,0.5,0.8,0.818,0.375,0.7,0.727
Emo_Nback_20160913,UTAH,C9DWTY95,2,1267.6,0.781,1329.303,0.825,1359.226,0.775,1174,0.825,1203.75,0.7,1236.132,0.85,1229.824,0.85,1350.235,0.85,1127.9,1,1259.857,0.7,1305.14,0.713,1435,0.8,1370.143,0.7,1244.923,0.65,1147.643,0.7,1299.871,0.775,1368.588,0.85,1478.067,0.75,1085.267,0.75,1258.4,0.75,1269.2,1,1351.75,0.8,1015.3,1,1391.25,0.8,1510.571,0.7,1622.429,0.7,1225.2,0.5,1106.571,0.7,1235.841,0.787,1287.562,0.8,1247.812,0.8,1247.944,0.9,1140.692,0.65,1173.571,0.7,1348.889,0.9,1240.5,1,1084.667,0.6,1376.222,0.9,1117.857,0.7,1257.25,0.8,1188.714,0.7,0.826,0.781,0.594,0.625,0.8,0.909,0.625,0.8,0.818,0.875,0.8,0.818,0.25,0.6,0.909
Emo_Nback_20160913,UTAH,CHUKUNFD,2,897.596,0.944,848.6,1,911.432,0.925,866.703,0.925,967.622,0.925,787.544,0.988,781.7,1,809.526,0.95,684.25,1,875.8,1,1018.347,0.9,915.5,1,1019,0.9,1081.353,0.85,1075.647,0.85,948.243,0.925,944.4,1,1002.316,0.95,896.706,0.85,944.111,0.9,920.6,1,858.3,1,722,1,937.8,1,968.2,1,1162.333,0.9,1146.286,0.7,952,0.8,848.922,0.963,752.8,1,815.5,0.9,841.2,1,989.895,0.95,642.8,1,755.333,0.9,646.5,1,813.8,1,862.8,1,875.667,0.9,1035.9,1,1185.556,0.9,0.957,0.906,0.938,1,1,1,0.875,0.9,0.955,0.875,0.8,1,1,0.9,0.909
Emo_Nback_20160913,UTAH,CM7KCH5J,2,957.707,0.919,941.543,0.875,974.605,0.95,848.684,0.95,1070.667,0.9,848.867,0.938,867.579,0.95,868,1,722.25,1,961,0.8,1071.083,0.9,1029.375,0.8,1093.056,0.9,989.167,0.9,1158.4,1,1016.329,0.912,983.789,0.95,1125.944,0.9,938.444,0.9,1018.944,0.9,884.333,0.9,1025.5,1,820.3,1,930.125,0.8,1073.3,1,1251.5,0.8,1086.125,0.8,1090,1,899.878,0.925,891.375,0.8,838.4,1,767.9,1,1122.389,0.9,852.5,1,710.5,1,624.2,1,991.875,0.8,956.167,0.6,966.3,1,911.6,1,1226.8,1,0.935,0.969,0.844,0.75,1,0.864,0.875,0.9,1,1,0.9,0.955,0.75,0.9,0.955
Emo_Nback_20160830,UTAH,D5FWJDCY,4,963,0.825,943.056,0.9,907.034,0.725,998.171,0.875,997.688,0.8,911.891,0.8,893.778,0.9,947.4,0.75,856.222,0.9,973.077,0.65,1011.103,0.85,992.333,0.9,863.786,0.7,1148.471,0.85,1014.526,0.95,970.391,0.8,1008.941,0.85,867.714,0.7,1000.625,0.8,987.941,0.85,1082.5,0.8,920.75,0.8,954,0.8,912.714,0.7,943.556,0.9,797,0.6,1047.25,0.8,1040.6,1,956.044,0.85,884.105,0.95,943.733,0.75,996.105,0.95,1008.733,0.75,742.8,1,977.857,0.7,778,1,1043.5,0.6,1041.111,0.9,913.875,0.8,1238.444,0.9,985.556,0.9,0.913,0.75,0.844,1,0.9,0.864,0.5,0.6,0.864,1,0.7,0.909,0.875,0.5,0.909
Emo_Nback_20160913,UTAH,F7UTX830,1,914.243,0.875,983.278,0.9,814.667,0.9,999.235,0.85,861.588,0.85,806.971,0.875,801.222,0.9,754.556,0.9,890.875,0.8,790.556,0.9,1021.514,0.875,1165.333,0.9,874.778,0.9,1095.556,0.9,941.5,0.8,914.243,0.875,983.278,0.9,814.667,0.9,999.235,0.85,861.588,0.85,801.222,0.9,754.556,0.9,890.875,0.8,790.556,0.9,1165.333,0.9,874.778,0.9,1095.556,0.9,941.5,0.8, NaN, NaN, NaN, NaN, NaN, NaN, NaN, NaN, NaN, NaN, NaN, NaN, NaN, NaN, NaN, NaN, NaN, NaN, NaN, NaN, NaN, NaN, NaN, NaN, NaN, NaN,0.957,0.875,0.688,1,0.6,1,0.75,0.8,1,0.75,0.8,0.909,0.25,1,1
Emo_Nback_20160913,UTAH,FLP37NUM,2,1013.782,0.688,996.379,0.725,932.333,0.75,988.069,0.725,1181.682,0.55,1024.431,0.725,957.867,0.75,939.562,0.8,1040.867,0.75,1200.25,0.6,1001.904,0.65,1037.643,0.7,924.071,0.7,931.5,0.7,1159.4,0.5,1044.964,0.7,901.538,0.65,951.875,0.8,1053.462,0.65,1276.643,0.7,906.143,0.7,1075.625,0.8,1085.5,0.6,1352.167,0.6,896.167,0.6,828.125,0.8,1026,0.7,1220,0.8,981.444,0.675,1073.438,0.8,910,0.7,934.938,0.8,1015.5,0.4,1003.125,0.8,803.5,0.8,1011.111,0.9,1048.333,0.6,1143.75,0.8,1052,0.6,837,0.7,917,0.2,0.804,0.688,0.562,0.5,0.6,0.864,0.5,0.7,0.864,0.75,0.5,0.818,0.5,0.3,0.682
Emo_Nback_20160913,UTAH,FWMHMK0A,4,1128.421,0.669,1193.727,0.55,1199.5,0.65,1064.057,0.875,1085.417,0.6,1112.673,0.613,1336.625,0.4,1048.923,0.65,1075.059,0.85,1083.273,0.55,1141.724,0.725,1112.071,0.7,1350.077,0.65,1053.667,0.9,1087.231,0.65,1207.14,0.625,1272.9,0.5,1337.3,0.5,1127.562,0.8,1158.143,0.7,1499,0.2,1137.6,0.5,1150.75,0.8,1028,0.7,1216.375,0.8,1537,0.5,1104.375,0.8,1288.286,0.7,1059.368,0.713,1127.75,0.6,1113.375,0.8,1010.579,0.95,983.6,0.5,1282.5,0.6,993.5,0.8,1007.778,0.9,1180,0.4,973,0.6,1233.25,0.8,1013.1,1,852.667,0.6,0.913,0.625,0.312,0.25,0.4,0.727,0.125,0.7,0.818,0.5,0.9,1,0.375,0.6,0.682
Emo_Nback_20160913,UTAH,GD45AN4V,3,1153.109,0.631,1237.63,0.675,1054.696,0.575,1154.667,0.675,1150.583,0.6,1180.404,0.588,1273.929,0.7,951.5,0.5,1228.385,0.65,1216,0.5,1129.352,0.675,1198.538,0.65,1134.077,0.65,1086.214,0.7,1103.857,0.7,1212.623,0.662,1286.286,0.7,1273.154,0.65,1098.923,0.65,1186.462,0.65,1479.25,0.8,1215,0.4,1150.667,0.6,1089.833,0.6,1029,0.6,1299,0.9,1054.571,0.7,1269.286,0.7,1087.396,0.6,1185.231,0.65,770.7,0.5,1206.429,0.7,1108.182,0.55,1000.167,0.6,775.833,0.6,1295,0.7,1405.25,0.4,1343.857,0.7,763,0.4,1117.857,0.7,938.429,0.7,0.761,0.594,0.375,0.375,0.6,0.818,0.375,0.5,0.682,0.375,0.5,0.864,0.375,0.4,0.773
Emo_Nback_20160913,UTAH,GUNAAG7E,2,1085.149,0.925,1005.316,0.95,1088.171,0.875,1082.667,0.9,1162.513,0.975,1017.039,0.963,955.389,0.9,1036.737,0.95,1013.75,1,1057.1,1,1159.014,0.887,1050.25,1,1149.25,0.8,1168.812,0.8,1273.474,0.95,1151.757,0.925,1106.263,0.95,1107.556,0.9,1235.706,0.85,1163.4,1,1017.222,0.9,986.2,1,1156,1,1001.1,1,1186.4,1,1259.25,0.8,1349.571,0.7,1325.7,1,1018.541,0.925,904.368,0.95,1067.647,0.85,945.737,0.95,1161.579,0.95,893.556,0.9,1092.889,0.9,871.5,1,1113.1,1,914.1,1,1039.25,0.8,1028.222,0.9,1215.444,0.9,0.957,0.938,0.781,0.75,1,1,0.5,0.9,1,1,0.8,0.909,0.875,1,1
Emo_Nback_20160913,UTAH,HVLPXZ99,4,1021.045,0.838,983.571,0.875,981.029,0.875,1047.727,0.825,1080.129,0.775,908.286,0.875,841.278,0.9,890.611,0.9,920,0.8,982.556,0.9,1144.375,0.8,1134.235,0.85,1076.765,0.85,1167.941,0.85,1215.231,0.65,1054.812,0.8,1040.812,0.8,949.526,0.95,1118.75,0.8,1147.231,0.65,840.889,0.9,876.5,1,877.857,0.7,1042.625,0.8,1297.857,0.7,1030.667,0.9,1306.111,0.9,1314.6,0.5,990.171,0.875,935.368,0.95,1018.438,0.8,980.882,0.85,1031.667,0.9,841.667,0.9,908.25,0.8,952.778,0.9,934.5,1,1019.7,1,1128.625,0.8,1012.5,0.8,1153.125,0.8,0.848,0.938,0.656,0.875,0.9,0.864,0.625,1,0.909,0.625,0.8,0.909,0.5,0.8,0.864
Emo_Nback_20160913,UTAH,J8DBDHF8,1,1007.866,0.794,1077.29,0.775,898.933,0.75,967.562,0.8,1078.618,0.85,952.046,0.812,990.214,0.7,847.462,0.65,913.778,0.9,1027.75,1,1066.387,0.775,1149,0.85,938.294,0.85,1036.714,0.7,1151.286,0.7,960.102,0.738,1116.25,0.6,852.562,0.8,993.6,0.75,919.125,0.8,1084.6,0.5,781.5,0.8,1017.556,0.9,913.5,1,1138.857,0.7,923.625,0.8,957.667,0.6,928.5,0.6,1049.309,0.85,1052.684,0.95,951.929,0.7,944.588,0.85,1220.389,0.9,937.778,0.9,953,0.5,810,0.9,1142,1,1156.1,1,951.333,0.9,1096,0.8,1318.375,0.8,0.87,0.781,0.75,0.75,0.5,0.909,0.75,0.6,0.818,0.75,0.7,0.864,0.75,1,0.818
Emo_Nback_20160913,UTAH,LMAAJ8JJ,1,1066.056,0.675,1016.714,0.7,1001.75,0.7,1073.241,0.725,1195.348,0.575,1069.926,0.675,1001,0.7,1006.25,0.6,1034.875,0.8,1260.75,0.6,1062.185,0.675,1032.429,0.7,998.375,0.8,1120.462,0.65,1124,0.55,1105.78,0.738,1066.733,0.75,1045.812,0.8,1099.467,0.75,1231.923,0.65,1010.143,0.7,1104.429,0.7,1086.667,0.9,1263,0.7,1116.25,0.8,1000.222,0.9,1118.667,0.6,1195.667,0.6,1018.224,0.613,959,0.65,943,0.6,1045.143,0.7,1147.8,0.5,991.857,0.7,868.8,0.5,968.286,0.7,1257.6,0.5,920.667,0.6,996,0.7,1122,0.7,1038,0.5,0.826,0.469,0.562,0.625,0.4,0.864,0.5,0.4,0.909,0.75,0.6,0.773,0.375,0.3,0.773
Emo_Nback_20160913,UTAH,LR6BN87U,4,1097.927,0.344,939.867,0.375,1147.182,0.275,1178.714,0.35,1144.467,0.375,1189.952,0.263,1083.143,0.35,1009.25,0.2,1363.75,0.2,1319.167,0.3,1041.088,0.425,814.5,0.4,1226,0.35,1104.7,0.5,1028,0.45,1011.967,0.375,862.667,0.45,1036,0.25,1044.571,0.35,1122.556,0.45,926.75,0.4,769.5,0.2,986.5,0.2,1171.667,0.3,811.4,0.5,1213.667,0.3,1067.8,0.5,1098,0.6,1201.08,0.312,1055.667,0.3,1239.833,0.3,1312.857,0.35,1177.333,0.3,1291.667,0.3,1249,0.2,1741,0.2,1466.667,0.3,819.667,0.3,1235.25,0.4,1141.6,0.5,888,0.3,0.283,0.406,0.562,0.5,0.4,0.318,0.5,0.2,0.227,0.5,0.1,0.409,0.75,0.3,0.273
Emo_Nback_20160913,UTAH,MUWA98AY,4,898.961,0.8,931.655,0.725,904.912,0.85,944.222,0.9,803.103,0.725,850.855,0.775,865.429,0.7,792.176,0.85,890.176,0.85,859.786,0.7,944.152,0.825,993.467,0.75,1017.647,0.85,992.579,0.95,750.2,0.75,871.569,0.812,1002.733,0.75,790.222,0.9,874.706,0.85,834.467,0.75,1026,0.6,657.889,0.9,625.857,0.7,969,0.7,987.222,0.9,922.556,0.9,1048.9,1,716.75,0.8,927.222,0.787,855.5,0.7,1033.938,0.8,1006.421,0.95,769.5,0.7,745,0.8,943.25,0.8,1075.2,1,750.571,0.7,1002.833,0.6,1124.625,0.8,930,0.9,788.429,0.7,0.913,0.781,0.531,0.5,0.6,0.864,0.625,0.8,0.955,0.75,0.9,0.955,0.25,0.8,0.864
Emo_Nback_20160913,UTAH,PF0N5FWX,1,719.732,0.887,650.088,0.85,716.829,0.875,709.974,0.975,803.559,0.85,684.554,0.925,631.167,0.9,692.944,0.9,650.35,1,767.556,0.9,758.015,0.85,671.375,0.8,742.118,0.85,772.737,0.95,844.062,0.8,698.329,0.875,638.867,0.75,774.647,0.85,648.65,1,731,0.9,599.333,0.9,710.375,0.8,561.5,1,722.9,1,698.167,0.6,831.778,0.9,735.8,1,741.125,0.8,740.542,0.9,658.947,0.95,662.222,0.9,774.526,0.95,885.188,0.8,663,0.9,679,1,739.2,1,823.375,0.8,655.3,1,641.25,0.8,813.778,0.9,947,0.8,1,0.844,0.625,0.5,0.8,1,0.75,0.7,1,0.875,1,1,0.375,1,0.955
Emo_Nback_20160913,UTAH,R5TTP09Z,2,891.534,0.819,858.656,0.8,950.5,0.9,843.939,0.825,908.2,0.75,843.627,0.838,746.312,0.8,949.632,0.95,758.733,0.75,891.647,0.85,941.688,0.8,971,0.8,951.471,0.85,914.944,0.9,929.846,0.65,910.913,0.863,926.421,0.95,948.333,0.9,905.737,0.95,844,0.65,725.333,0.9,956.5,1,786.2,1,833.571,0.7,1107.4,1,938.125,0.8,1038.556,0.9,856.167,0.6,869.968,0.775,759.615,0.65,952.667,0.9,760.071,0.7,957.294,0.85,773.286,0.7,942,0.9,703.8,0.5,932.3,1,743.667,0.6,963.333,0.9,791.333,0.9,993,0.7,0.891,0.812,0.625,0.375,0.8,0.955,0.75,0.9,0.955,0.875,0.8,0.818,0.5,0.7,0.864
Emo_Nback_20160913,UTAH,RUVFBX1L,1,1142.398,0.8,1191.618,0.85,1094.25,0.8,1073.469,0.8,1211.5,0.75,1056,0.912,1186.889,0.9,968.778,0.9,960.222,0.9,1105.368,0.95,1257.073,0.688,1196.938,0.8,1255.571,0.7,1219.071,0.7,1394.818,0.55,1203.613,0.775,1161.533,0.75,1042.733,0.75,1240.25,0.8,1357.25,0.8,1182.778,0.9,863.5,0.8,1158.125,0.8,1303.444,0.9,1129.667,0.6,1247.571,0.7,1322.375,0.8,1426.429,0.7,1084.894,0.825,1215.368,0.95,1139.706,0.85,906.688,0.8,1044.929,0.7,1191,0.9,1053,1,801.9,1,927.1,1,1237.3,1,1263.571,0.7,1081.333,0.6,1339.5,0.4,0.848,0.875,0.656,0.75,0.8,0.909,0.625,0.7,0.909,0.625,0.7,0.909,0.625,0.8,0.773
Emo_Nback_20160913,UTAH,TVHVBTRE,3,1039.708,0.9,958.237,0.95,998.829,0.875,1012.778,0.9,1196.743,0.875,952.707,0.938,881.25,1,996.222,0.9,906.111,0.9,1030.842,0.95,1134.275,0.863,1043.778,0.9,1001.588,0.85,1119.444,0.9,1393.75,0.8,1034.794,0.85,937,0.95,1030.889,0.9,1075.688,0.8,1119.733,0.75,858.3,1,1030.111,0.9,931.625,0.8,1026.889,0.9,1024.444,0.9,1031.667,0.9,1219.75,0.8,1259,0.6,1044.105,0.95,979.474,0.95,964.882,0.85,962.45,1,1254.5,1,904.2,1,962.333,0.9,885.7,1,1034.4,1,1063.111,0.9,967.75,0.8,1039.2,1,1474.6,1,0.913,0.688,0.969,1,0.8,1,1,0.7,0.909,0.875,0.8,0.955,1,0.8,0.864
Emo_Nback_20160830,UTAH,U62X1GAH,3,1018.192,0.75,1089.625,0.8,947.788,0.825,951.444,0.675,1083.893,0.7,992.738,0.812,1049.294,0.85,950.737,0.95,854.467,0.75,1129.214,0.7,1048.273,0.688,1135.333,0.75,943.786,0.7,1072.667,0.6,1038.571,0.7,1015.82,0.762,1221.6,0.75,977.353,0.85,844.75,0.6,993.471,0.85,1400.143,0.7,1090.333,0.9,648.857,0.7,1002.889,0.9,1065.375,0.8,850.25,0.8,1119,0.5,982.875,0.8,1020.644,0.738,973.176,0.85,916.375,0.8,1036.8,0.75,1223.636,0.55,803.7,1,825.1,1,1034.375,0.8,1356.6,0.5,1215.286,0.7,1068.5,0.6,1039.571,0.7,1112.833,0.6,0.783,0.656,0.625,0.75,0.8,0.818,0.625,0.8,0.909,0.625,0.4,0.818,0.5,0.6,0.818
Emo_Nback_20160913,UTAH,UDUKRV36,4,707.96,0.944,764.054,0.925,674.139,0.9,662.725,1,733,0.95,651.908,0.95,655.789,0.95,626.941,0.85,623.6,1,697.75,1,764.76,0.938,878.333,0.9,716.368,0.95,701.85,1,772.167,0.9,753.513,0.95,809.111,0.9,702.789,0.95,685.95,1,822.684,0.95,689.111,0.9,620.8,1,633,1,789.2,1,929.111,0.9,793.889,0.9,738.9,1,859.889,0.9,661.8,0.938,721.368,0.95,642.118,0.85,639.5,1,643.316,0.95,625.8,1,635.714,0.7,614.2,1,606.3,1,827.556,0.9,646.6,1,664.8,1,684.444,0.9,0.978,0.906,0.969,1,1,0.864,0.875,0.9,0.909,1,1,1,1,0.8,1
Emo_Nback_20160913,UTAH,UN2A7AA5,1,1053.263,0.856,1054.25,0.9,1000.629,0.875,1030.229,0.875,1137.548,0.775,959.878,0.925,984.6,1,895.556,0.9,891.737,0.95,1075.059,0.85,1162.952,0.787,1141.312,0.8,1111.882,0.85,1194.688,0.8,1213.429,0.7,1090.606,0.887,1066.389,0.9,1053.529,0.85,1126.556,0.9,1113.889,0.9,1029.3,1,919.75,0.8,952.778,0.9,1084.8,1,1112.75,0.8,1172.444,0.9,1300.333,0.9,1150.25,0.8,1013.091,0.825,1042.111,0.9,950.667,0.9,928.235,0.85,1170.308,0.65,939.9,1,876.2,1,836.8,1,1061.143,0.7,1169.875,0.8,1043.75,0.8,1058.857,0.7,1297.667,0.6,0.935,0.812,0.75,0.875,0.8,0.955,0.625,0.8,1,1,0.8,0.864,0.5,0.8,0.864
Emo_Nback_20160913,UTAH,UP3WUX7T,3,865.508,0.812,927.848,0.825,851.212,0.825,795.645,0.775,883.091,0.825,812.838,0.925,859.105,0.95,808.944,0.9,802.056,0.9,780.474,0.95,935.107,0.7,1021.143,0.7,901.933,0.75,786.769,0.65,1022.357,0.7,877.627,0.838,959.176,0.85,918.611,0.9,782.438,0.8,840.062,0.8,885.444,0.9,870.667,0.9,820.556,0.9,744.1,1,1042.125,0.8,966.556,0.9,733.429,0.7,1000,0.6,852.619,0.787,894.562,0.8,770.333,0.75,809.733,0.75,923.588,0.85,835.4,1,747.222,0.9,783.556,0.9,820.889,0.9,993.167,0.6,805,0.6,849,0.6,1039.125,0.8,0.957,0.781,0.469,0.5,0.7,1,0.5,0.8,0.955,0.375,0.8,0.909,0.5,1,0.864
Emo_Nback_20160913,UTAH,V2J19CN2,1,1030.38,0.806,931.219,0.8,1030.129,0.775,1069.571,0.875,1088.742,0.775,942.943,0.875,848.105,0.95,971.062,0.8,1036.211,0.95,916.688,0.8,1134.119,0.738,1052.692,0.65,1093.133,0.75,1109.188,0.8,1272.267,0.75,1045.719,0.8,888.214,0.7,903.286,0.7,1217.389,0.9,1107.333,0.9,891.667,0.9,614.833,0.6,1213.222,0.9,967.7,1,882,0.5,1119.625,0.8,1221.556,0.9,1281.875,0.8,1015.277,0.812,964.667,0.9,1134.588,0.85,913.059,0.85,1063,0.65,808.9,1,1184.8,1,876.9,1,831.667,0.6,1159.375,0.8,1062.857,0.7,964.714,0.7,1261.286,0.7,0.913,0.812,0.562,0.5,0.8,0.909,0.75,0.4,0.955,0.625,0.9,0.955,0.375,0.9,0.864
Emo_Nback_20160913,UTAH,VGNCVUXB,2,992.386,0.875,944.405,0.925,999.382,0.85,945.722,0.9,1089.879,0.825,909.486,0.9,832.053,0.95,996,0.8,725.4,1,1131.176,0.85,1080.162,0.85,1063,0.9,1002.389,0.9,1221.125,0.8,1046,0.8,1009.576,0.825,946.059,0.85,1190.812,0.8,1055.062,0.8,859.706,0.85,874.889,0.9,1305.571,0.7,845.8,1,878,0.9,1026.125,0.8,1101.556,0.9,1403.833,0.6,839.125,0.8,977.054,0.925,943,1,829.222,0.9,858.25,1,1334.438,0.8,793.5,1,755.222,0.9,605,1,1416,0.8,1092.5,1,903.222,0.9,1111.5,1,1252.875,0.8,0.978,0.938,0.719,0.75,0.9,1,0.5,0.9,0.955,0.875,0.8,0.955,0.75,0.8,0.864
Emo_Nback_20160913,UTAH,VR8GJJYB,1,1104.071,0.7,1096.615,0.65,1079.781,0.8,1083.444,0.675,1160.667,0.675,1085.72,0.625,953.417,0.6,1108.8,0.75,1084,0.5,1182.538,0.65,1118.871,0.775,1219.357,0.7,1054.176,0.85,1083.118,0.85,1140.357,0.7,1119.642,0.662,1168.75,0.6,1091.8,0.75,1037.667,0.6,1177.643,0.7,1057.333,0.6,1062,0.6,1026.75,0.4,1285.833,0.6,1280.167,0.6,1111.667,0.9,1043.125,0.8,1096.5,0.8,1090.085,0.738,1034.786,0.7,1069.176,0.85,1120.067,0.75,1142.385,0.65,849.5,0.6,1140,0.9,1122.167,0.6,1094,0.7,1173.75,0.8,989.5,0.8,1118.667,0.9,1198.833,0.6,0.891,0.656,0.375,0.5,0.6,0.727,0.5,0.7,0.955,0.5,0.5,0.818,0,0.7,0.909
Emo_Nback_20160913,UTAH,VX605DH1,1,1100.411,0.806,1034.765,0.85,1100.375,0.8,1061.086,0.875,1229.321,0.7,978.362,0.863,1002.85,1,986.812,0.8,957.667,0.9,961.533,0.75,1240.767,0.75,1080.357,0.7,1213.938,0.8,1170.588,0.85,1538.308,0.65,1145.892,0.812,1074.412,0.85,1178.812,0.8,1159.375,0.8,1175.438,0.8,1008.8,1,1146.286,0.7,1031.75,0.8,929.667,0.9,1168.143,0.7,1204.111,0.9,1287,0.8,1491.429,0.7,1054.219,0.8,995.118,0.85,1021.938,0.8,978.316,0.95,1301.167,0.6,996.9,1,862.778,0.9,898.4,1,1009.333,0.6,992.571,0.7,1226.571,0.7,1067.111,0.9,1593,0.6,0.891,0.812,0.656,0.75,0.7,0.955,0.625,0.7,0.909,0.875,0.8,0.909,0.375,0.7,0.818
Emo_Nback_20160913,UTAH,W2L5FYC0,3,1183.838,0.812,1151.867,0.75,1212,0.775,1152.088,0.85,1217.143,0.875,1152.066,0.762,995.933,0.75,1355.083,0.6,1031.824,0.85,1266.765,0.85,1211.928,0.863,1307.8,0.75,1121.632,0.95,1272.353,0.85,1170.278,0.9,1290.776,0.725,1347.5,0.7,1426.429,0.7,1223.5,0.7,1181.312,0.8,1216,0.5,1472.75,0.4,904.714,0.7,1296.286,0.7,1420.556,0.9,1407.9,1,1542.286,0.7,1091.889,0.9,1097.694,0.9,980.688,0.8,1035.412,0.85,1102.1,1,1247.316,0.95,885.9,1,1296.25,0.8,1120.8,1,1246.1,1,1138.667,0.6,803.556,0.9,1083.4,1,1248.667,0.9,0.978,0.875,0.5,0.5,0.7,0.864,0.5,0.8,0.864,0.5,0.8,1,0.5,0.9,1
Emo_Nback_20160830,UTAH,WMETUT1U,2,1037.74,0.794,741.71,0.775,1209.286,0.875,1067.594,0.8,1114.207,0.725,964.529,0.85,563.059,0.85,1231.158,0.95,986.353,0.85,1057.067,0.75,1122.119,0.738,958.643,0.7,1183.312,0.8,1159.667,0.75,1175.429,0.7,1097.239,0.838,953.562,0.8,1129.824,0.85,1087.824,0.85,1209.294,0.85,714.333,0.9,1113.556,0.9,1020,1,1223.2,1,1261.143,0.7,1148.125,0.8,1184.714,0.7,1189.429,0.7,971.3,0.75,515.733,0.75,1284.333,0.9,1044.667,0.75,979.5,0.6,392.875,0.8,1337,1,938.286,0.7,724.8,0.5,656.143,0.7,1218.5,0.8,1137.75,0.8,1161.429,0.7,0.891,0.875,0.625,0.75,0.7,0.818,0.625,0.9,0.955,0.625,0.7,0.909,0.5,0.8,0.773
Emo_Nback_20160913,UTAH,WPJ3383P,3,1110.979,0.912,1065.447,0.95,1147.472,0.9,1103.833,0.9,1129.694,0.9,924.216,0.925,864.3,1,1028.529,0.85,907.833,0.9,909.474,0.95,1302.931,0.9,1288.944,0.9,1253.895,0.95,1299.833,0.9,1375.824,0.85,1170.722,0.9,1109.75,1,1146.176,0.85,1201.882,0.85,1232.222,0.9,764,1,1078.375,0.8,935.625,0.8,965.444,0.9,1455.5,1,1206.444,0.9,1438.556,0.9,1499,0.9,1052.851,0.925,1016.222,0.9,1148.632,0.95,1016.105,0.95,1027.167,0.9,964.6,1,984.222,0.9,885.6,1,859.1,1,1080.75,0.8,1296.6,1,1161.111,0.9,1237.25,0.8,0.978,0.812,0.719,0.875,0.9,1,0.625,0.9,1,0.625,1,0.955,0.75,0.9,0.955
Emo_Nback_20160913,UTAH,XL4UCXMM,3,937.037,0.844,947.114,0.875,828.606,0.825,857,0.85,1117.242,0.825,872.133,0.938,848.421,0.95,791.667,0.9,800.167,0.9,1031.85,1,1018.167,0.75,1064.312,0.8,872.933,0.75,920.938,0.8,1248.615,0.65,1011.594,0.863,1118.062,0.8,849.556,0.9,859.941,0.85,1222.222,0.9,1049.111,0.9,765.556,0.9,736,0.9,1183.4,1,1206.714,0.7,933.556,0.9,999.375,0.8,1270.75,0.8,859.091,0.825,803.158,0.95,803.467,0.75,854.059,0.85,991.267,0.75,667.8,1,817.778,0.9,864.333,0.9,880.3,1,953.556,0.9,782,0.6,842.5,0.8,1213.2,0.5,0.978,0.781,0.719,0.75,0.8,0.955,0.625,0.6,1,0.625,0.7,1,0.875,0.7,0.864
Emo_Nback_20160913,UTAH,Y03DJ9M0,1,808.073,0.944,812.211,0.95,758.684,0.95,754.667,0.975,913.694,0.9,730.645,0.95,669.5,1,692.421,0.95,665.95,1,921.412,0.85,886.533,0.938,970.778,0.9,824.947,0.95,848.053,0.95,906.789,0.95,868.92,0.938,896.5,0.9,764.684,0.95,845.158,0.95,970.789,0.95,704.3,1,666.3,1,714.2,1,1010.8,1,1136.75,0.8,874,0.9,990.667,0.9,926.333,0.9,748.026,0.95,736.35,1,752.684,0.95,668.7,1,849.882,0.85,634.7,1,721.444,0.9,617.7,1,793.714,0.7,838,1,780.8,1,719.7,1,889.2,1,1,0.969,0.844,0.875,0.9,1,0.875,0.9,1,1,0.9,1,0.625,0.9,1
Emo_Nback_20160913,UTAH,YLNRHT83,2,1035.4,0.844,979.971,0.875,1064.515,0.825,1036.265,0.85,1064.182,0.825,884.348,0.863,842,0.8,939.5,0.9,791.167,0.9,964.471,0.85,1193.318,0.825,1096.158,0.95,1214.533,0.75,1312,0.8,1170.125,0.8,1094.206,0.85,947.722,0.9,1170.438,0.8,1125.312,0.8,1145.278,0.9,847.444,0.9,1098.333,0.9,783.333,0.9,1136,1,1048,0.9,1263.143,0.7,1565,0.7,1156.875,0.8,975.716,0.838,1014.118,0.85,964.824,0.85,957.111,0.9,966.867,0.75,835,0.7,780.667,0.9,799,0.9,719.429,0.7,1139.5,1,1172,0.8,1115.222,0.9,1183.375,0.8,0.935,0.812,0.594,0.625,0.8,1,0.625,0.7,0.955,0.625,0.8,0.955,0.5,0.9,0.909
Emo_Nback_20160913,UTAH,YPJK6AC5,2,1017.383,0.881,1099.059,0.85,959.579,0.95,940.765,0.85,1075.229,0.875,911.325,0.963,906.167,0.9,838.55,1,890.7,1,1014.526,0.95,1144.984,0.8,1316.062,0.8,1094.056,0.9,1012.286,0.7,1147.312,0.8,1097.722,0.9,1139.889,0.9,1081.842,0.95,968.312,0.8,1182.632,0.95,846,0.9,892.8,1,922.6,1,1120.889,0.9,1433.778,0.9,1291.889,0.9,1044.5,0.6,1238.2,1,933.551,0.863,1053.125,0.8,837.316,0.95,916.278,0.9,947.688,0.8,966.333,0.9,784.3,1,858.8,1,918.8,1,1164.714,0.7,896.222,0.9,988.125,0.8,995.833,0.6,0.913,0.812,0.781,0.625,0.8,0.955,0.875,1,0.955,0.75,0.8,0.909,0.875,0.8,0.909
Emo_Nback_20160913,UTAH,YTX6A82H,4,1038.54,0.787,875.871,0.775,1089.548,0.775,1049.571,0.875,1144.586,0.725,969.203,0.8,694.857,0.7,999.333,0.75,1034.474,0.95,1103.5,0.8,1110.113,0.775,1024.941,0.85,1174.125,0.8,1067.5,0.8,1195.154,0.65,1059.542,0.738,834.692,0.65,1085.471,0.85,1037.778,0.9,1320.818,0.55,756.4,0.5,1016.778,0.9,1087.4,1,1311.5,0.6,883.625,0.8,1162.75,0.8,975.75,0.8,1332,0.5,1020.045,0.838,905.611,0.9,1094.5,0.7,1062.059,0.85,1036.889,0.9,660.667,0.9,973.167,0.6,975.667,0.9,978.7,1,1150.556,0.9,1185.5,0.8,1159.25,0.8,1109.625,0.8,0.957,0.594,0.812,0.75,0.4,0.955,0.75,0.4,0.955,0.875,0.7,0.955,0.875,0.5,0.773
Emo_Nback_20160913,UVM,2,1,1041.869,0.856,1006.147,0.85,1058,0.9,998.405,0.925,1116.6,0.75,1027.384,0.912,1046.118,0.85,1143.737,0.95,929.4,1,993.882,0.85,1058.391,0.8,966.176,0.85,962.176,0.85,1079.588,0.85,1277.077,0.65,1046.743,0.925,968.059,0.85,1061.889,0.9,1004,1,1147.789,0.95,1080.111,0.9,1107,1,973.7,1,952,1,842,0.8,1005.5,0.8,1034.3,1,1365.333,0.9,1036.143,0.787,1044.235,0.85,1054.111,0.9,991.824,0.85,1062.727,0.55,1007.875,0.8,1184.556,0.9,885.1,1,1053.714,0.7,1076.556,0.9,923.667,0.9,1144.286,0.7,1078.5,0.4,0.87,0.719,0.875,0.75,0.6,1,1,0.8,0.909,1,0.9,0.909,0.75,0.8,0.727
Emo_Nback_20160913,UVM,5GZ1,1,979.887,0.775,1021.188,0.8,915.944,0.9,860.63,0.675,1124.724,0.725,925.873,0.787,1001.375,0.8,923.842,0.95,726.875,0.8,1093.75,0.6,1035.672,0.762,1041,0.8,907.118,0.85,1055.182,0.55,1146.588,0.85,969.418,0.838,1002.941,0.85,884.765,0.85,886.167,0.9,1127.267,0.75,945.111,0.9,867.333,0.9,791.8,1,1053.833,0.6,1068,0.8,904.375,0.8,1004.125,0.8,1176.222,0.9,992.193,0.713,1041.867,0.75,943.842,0.95,809.556,0.45,1122,0.7,1073.714,0.7,974.7,1,618.667,0.6,1133.667,0.6,1014,0.8,909.556,0.9,1191.333,0.3,1113.25,0.8,0.783,0.438,0.75,0.875,0.7,0.818,1,0.6,1,0.625,0.7,0.682,0.5,0.8,0.773
Emo_Nback_20160913,UVM,PXAP,2,859.887,0.887,837.056,0.9,844.528,0.9,897.583,0.9,860.412,0.85,755.746,0.887,756.833,0.9,685.778,0.9,741.167,0.9,844.118,0.85,964.028,0.887,917.278,0.9,1003.278,0.9,1054,0.9,876.706,0.85,882.783,0.863,839.588,0.85,829.263,0.95,946.294,0.85,924.75,0.8,778.444,0.9,673.6,1,778,0.9,905.286,0.7,908.375,0.8,1002.222,0.9,1135.625,0.8,939.889,0.9,838.247,0.912,834.789,0.95,861.588,0.85,854,0.95,803.222,0.9,735.222,0.9,701,0.8,704.333,0.9,801.3,1,924.4,1,1004.333,0.9,988.7,1,805.625,0.8,0.848,0.906,0.844,1,0.9,0.864,0.75,0.9,0.955,0.875,0.9,0.909,0.75,0.9,0.864
Emo_Nback_20160913,UVM,UFF1,3,947.048,0.519,963.696,0.575,898.913,0.575,969.611,0.45,963.789,0.475,965.021,0.588,925.867,0.75,943.812,0.8,943.1,0.5,1156,0.3,923.583,0.45,1034.625,0.4,796.286,0.35,1002.75,0.4,875.077,0.65,958.511,0.588,968.867,0.75,874.8,0.75,1020.333,0.3,1024.818,0.55,893.714,0.7,943.5,0.8,887.5,0.4,1296.8,0.5,1034.625,0.8,796.286,0.7,1286,0.2,798.167,0.6,932.083,0.45,954,0.4,944.125,0.4,944.25,0.6,879.875,0.4,954,0.8,944.125,0.8,980.167,0.6,452,0.1, NaN,0, NaN,0,908.333,0.6,941,0.7,0.696,0.406,0.219,0.25,0.7,0.636,0.375,0.7,0.591,0,0.6,0.545,0.25,0.2,0.682
Emo_Nback_20160913,UVM,1,4,961.818,0.825,983.639,0.9,880.161,0.775,936.097,0.775,1036.618,0.85,902.923,0.812,949.722,0.9,746.867,0.75,910.733,0.75,984.176,0.85,1018.955,0.838,1017.556,0.9,1005.125,0.8,959.875,0.8,1089.059,0.85,964.091,0.825,1109.111,0.9,865.188,0.8,888.133,0.75,970.647,0.85,1102.6,1,692.625,0.8,853.857,0.7,785.4,1,1117.25,0.8,1037.75,0.8,918.125,0.8,1235.286,0.7,959.545,0.825,858.167,0.9,896.133,0.75,981.062,0.8,1102.588,0.85,758.625,0.8,808.857,0.7,960.5,0.8,1268.143,0.7,937.8,1,972.5,0.8,1001.625,0.8,986.7,1,0.891,0.906,0.719,0.875,0.9,0.909,0.625,0.9,0.773,0.625,0.7,0.864,0.75,0.9,0.864
Emo_Nback_20160913,UVM,7,4,835.482,0.856,799.516,0.775,776.778,0.9,837.595,0.925,930.939,0.825,785.544,0.85,777.438,0.8,728.312,0.8,761.722,0.9,867.444,0.9,884.696,0.863,823.067,0.75,815.55,1,909.474,0.95,1007.133,0.75,892.557,0.875,906.25,0.8,778.6,1,911.222,0.9,1000.312,0.8,864,0.8,755.4,1,795.889,0.9,843.2,1,948.5,0.8,801.8,1,1026.556,0.9,1262.167,0.6,775.851,0.838,685.667,0.75,774.5,0.8,767.842,0.95,865.647,0.85,690.875,0.8,683.167,0.6,727.556,0.9,897.75,0.8,679.714,0.7,829.3,1,804.1,1,837.111,0.9,0.891,0.875,0.844,0.625,0.9,0.773,0.875,0.9,0.909,0.875,1,0.909,1,0.8,0.773
Emo_Nback_20160913,UVM,5MHU,1,968.111,0.787,913.688,0.8,855.743,0.875,1006.067,0.75,1124.517,0.725,865.971,0.85,849.067,0.75,790.158,0.95,887.312,0.8,941.111,0.9,1087.862,0.725,970.706,0.85,933.625,0.8,1141.786,0.7,1424.636,0.55,937.134,0.838,866.647,0.85,891.611,0.9,1018.5,0.9,976.643,0.7,835.778,0.9,794.4,1,978.889,0.9,800.6,1,901.375,0.8,1013.125,0.8,1058.111,0.9,1416.75,0.4,1003.288,0.738,967,0.75,817.765,0.85,987.417,0.6,1262.533,0.75,869,0.6,785.444,0.9,769.571,0.7,1116.75,0.8,1032.333,0.9,854.125,0.8,1292.4,0.5,1429.143,0.7,0.804,0.719,0.75,0.625,0.7,0.909,0.875,0.8,0.909,0.75,0.9,0.682,0.75,0.7,0.727
Emo_Nback_20160913,UVM,RBUG,1,803.473,0.912,786.361,0.9,774.132,0.95,773.351,0.925,884.771,0.875,703.973,0.938,694.053,0.95,656.579,0.95,700.947,0.95,767.667,0.9,908.577,0.887,889.529,0.85,891.684,0.95,849.778,0.9,1008.765,0.85,785.957,0.875,762.062,0.8,744.55,1,757.278,0.9,893.875,0.8,698.222,0.9,655.3,1,737.667,0.9,729,0.8,844.143,0.7,833.8,1,776.889,0.9,1058.75,0.8,819.605,0.95,805.8,1,807,0.9,788.579,0.95,877.105,0.95,690.3,1,658,0.9,667.9,1,798.6,1,921.3,1,956,0.9,922.667,0.9,964.333,0.9,0.935,0.875,0.844,0.875,0.8,0.955,0.875,0.9,1,0.875,0.9,0.955,0.75,1,0.864
Emo_Nback_20160913,UVM,AR95,3,1056.05,0.869,1006.571,0.875,1121.121,0.825,1005.583,0.9,1096.086,0.875,924.195,0.963,858.5,1,981.176,0.85,886.25,1,979.4,1,1219.806,0.775,1204,0.75,1269.812,0.8,1154.75,0.8,1251.667,0.75,1132.186,0.875,1083.118,0.85,1151.471,0.85,1135.588,0.85,1155.789,0.95,930.4,1,999.375,0.8,991.7,1,1028.9,1,1301.286,0.7,1286.667,0.9,1341.143,0.7,1296.778,0.9,978.812,0.863,934.278,0.9,1088.875,0.8,889.263,0.95,1025.188,0.8,786.6,1,965,0.9,780.8,1,929.9,1,1118.875,0.8,1248.143,0.7,1009.778,0.9,1184,0.6,0.935,0.906,0.812,0.75,0.9,0.909,0.75,0.6,0.955,0.875,0.8,0.955,0.875,0.9,0.864
Emo_Nback_20160913,UVM,N5H6,1,884.387,0.887,900.472,0.9,861.722,0.9,854.059,0.85,919.611,0.9,872.929,0.875,934.611,0.9,869.389,0.9,828.294,0.85,856,0.85,895.528,0.9,866.333,0.9,854.056,0.9,879.824,0.85,976.526,0.95,910.247,0.912,958.632,0.95,852.789,0.95,882.2,0.75,939.9,1,1006.8,1,838.444,0.9,893.25,0.8,905.1,1,905.111,0.9,865.7,1,869.571,0.7,974.7,1,857.029,0.863,835.471,0.85,871.706,0.85,831.842,0.95,894.25,0.8,844.375,0.8,900.333,0.9,770.556,0.9,785.857,0.7,827.556,0.9,839.5,0.8,887,1,978.556,0.9,0.913,0.844,0.844,1,0.9,0.864,0.75,1,0.909,0.875,0.8,0.864,0.75,0.9,0.955
Emo_Nback_20160913,UVM,VJY1,1,994.921,0.794,1042.03,0.825,975.29,0.775,908.941,0.85,1063.103,0.725,883.25,0.85,927.824,0.85,801.733,0.75,861.444,0.9,930.889,0.9,1123.627,0.738,1163.375,0.8,1138,0.8,962.375,0.8,1279.455,0.55,1005.045,0.825,1001.5,0.9,1062.938,0.8,967.722,0.9,991.429,0.7,877.444,0.9,795.857,0.7,865.1,1,864.3,1,1125.556,0.9,1270.667,0.9,1096,0.8,1309.25,0.4,983.967,0.762,1090.667,0.75,881.8,0.75,842.812,0.8,1130,0.75,984.5,0.8,806.875,0.8,856.875,0.8,1014.125,0.8,1212,0.7,967.429,0.7,828.75,0.8,1262.429,0.7,0.913,0.969,0.625,0.75,0.8,0.864,0.375,0.9,0.864,0.875,0.6,0.955,0.5,0.9,0.727
Emo_Nback_20160830,VCU,9BPV6EYL,1,975.986,0.912,979.412,0.85,965.125,1,956.921,0.95,1006.647,0.85,885.181,0.9,884.062,0.8,945.1,1,824.056,0.9,880.722,0.9,1064.338,0.925,1064.167,0.9,985.15,1,1076.5,1,1148.312,0.8,986.346,0.975,948.45,1,1032.05,1,964.6,1,1001.833,0.9,829.6,1,972.6,1,840.6,1,891.7,1,1067.3,1,1091.5,1,1088.6,1,1139.5,0.8,964.103,0.85,1023.643,0.7,898.2,1,948.389,0.9,1012.062,0.8,974.833,0.6,917.6,1,803.375,0.8,867,0.8,1060.25,0.8,878.8,1,1064.4,1,1157.125,0.8,0.978,0.969,0.781,0.5,0.9,0.955,1,1,1,0.875,0.9,1,0.75,0.8,0.909
Emo_Nback_20160913,WUSTL,24LWV4C5,2,817.437,0.887,732.684,0.95,774,0.925,904.441,0.85,874.091,0.825,728.449,0.975,633.15,1,689.3,1,774.556,0.9,821.4,1,925.891,0.8,843.278,0.9,873.647,0.85,1050.562,0.8,955.154,0.65,797.904,0.912,800.158,0.95,714.737,0.95,811.444,0.9,874,0.85,667.7,1,644.9,1,644.8,1,848.5,1,947.333,0.9,792.333,0.9,1019.75,0.8,910.429,0.7,838.101,0.863,665.211,0.95,836.556,0.9,1009.062,0.8,874.188,0.8,598.6,1,733.7,1,936.75,0.8,794.3,1,739.222,0.9,965.125,0.8,1081.375,0.8,1007.333,0.6,0.957,0.812,0.906,1,0.8,1,1,0.7,1,0.75,0.8,0.909,0.875,0.8,0.818
Emo_Nback_20160913,WUSTL,2DPX8P1Y,1,824.066,0.85,884.167,0.9,749.829,0.875,800.824,0.85,863.581,0.775,795.696,0.863,817.684,0.95,719.706,0.85,778.167,0.9,875,0.75,853.284,0.838,958.471,0.85,778.278,0.9,826.312,0.8,852.875,0.8,785.265,0.85,786,0.8,742.529,0.85,740.944,0.9,874.235,0.85,693.778,0.9,717.889,0.9,834.125,0.8,954.625,0.8,904.571,0.7,770.25,0.8,666.4,1,802.778,0.9,862.868,0.85,962.7,1,756.722,0.9,868.188,0.8,850.643,0.7,929.2,1,721.75,0.8,733.4,1,784,0.7,996.2,1,784.7,1,1092.833,0.6,917.286,0.7,0.891,0.812,0.625,1,0.9,0.864,0.5,0.9,1,0.625,1,0.864,0.375,0.7,0.955
Emo_Nback_20160913,WUSTL,24LWV4C5,2,817.437,0.887,732.684,0.95,774,0.925,904.441,0.85,874.091,0.825,728.449,0.975,633.15,1,689.3,1,774.556,0.9,821.4,1,925.891,0.8,843.278,0.9,873.647,0.85,1050.562,0.8,955.154,0.65,797.904,0.912,800.158,0.95,714.737,0.95,811.444,0.9,874,0.85,667.7,1,644.9,1,644.8,1,848.5,1,947.333,0.9,792.333,0.9,1019.75,0.8,910.429,0.7,838.101,0.863,665.211,0.95,836.556,0.9,1009.062,0.8,874.188,0.8,598.6,1,733.7,1,936.75,0.8,794.3,1,739.222,0.9,965.125,0.8,1081.375,0.8,1007.333,0.6,0.957,0.812,0.906,1,0.8,1,1,0.7,1,0.75,0.8,0.909,0.875,0.8,0.818
Emo_Nback_20160913,WUSTL,3P7CNL7H,1,835.088,0.919,835.784,0.925,813.784,0.925,803.162,0.925,889.083,0.9,734.367,0.988,741.85,1,718.15,1,718.5,1,760.263,0.95,952.103,0.85,946.294,0.85,926.294,0.85,902.765,0.85,1033.059,0.85,893.055,0.912,866.706,0.85,870.105,0.95,871.722,0.9,959.789,0.95,744.4,1,711.1,1,784.2,1,725.7,1,1041.429,0.7,1046.778,0.9,981.125,0.8,1219.889,0.9,777.905,0.925,809.5,1,754.333,0.9,738.211,0.95,810.059,0.85,739.3,1,725.2,1,652.8,1,798.667,0.9,879.7,1,790.75,0.8,833.111,0.9,822.875,0.8,1,0.938,0.75,0.875,0.8,1,0.875,0.8,1,0.75,0.9,1,0.5,1,1
Emo_Nback_20160913,WUSTL,481L0PYY,3,1095.419,0.581,1154.778,0.675,1167.353,0.425,964,0.6,1108.56,0.625,1061.373,0.738,1150.5,0.8,1263.571,0.35,946.722,0.9,1018.167,0.9,1154.5,0.425,1161,0.55,1100,0.5,1015.833,0.3,1341,0.35,1109.982,0.688,1195.737,0.95,1079.417,0.6,1021.333,0.45,1079,0.75,1197.9,1,1263.571,0.7,1018.25,0.8,927,0.9,1193.333,0.9,821.6,0.5,1046,0.1,1307,0.6,1074.342,0.475,1057.5,0.4,1378.4,0.25,929.6,0.75,1152.9,0.5,1071.5,0.6, NaN,0,889.5,1,1109.333,0.9,1015.5,0.2,1378.4,0.5,1009.8,0.5,1545,0.1,0.63,0.625,0.469,0.625,0.9,0.591,0.25,0.3,0.545,0.375,0.7,0.636,0.625,0.6,0.636
Emo_Nback_20160913,WUSTL,5V6LPP6X,4,967.592,0.75,977.467,0.75,890.345,0.725,947.562,0.8,1056.724,0.725,950.145,0.775,1055.5,0.7,877.059,0.85,847.941,0.85,1057.643,0.7,986.241,0.725,909.188,0.8,909.167,0.6,1060.467,0.75,1055.867,0.75,1038.264,0.662,1053.077,0.65,997.929,0.7,1023.357,0.7,1086.667,0.6,1195.667,0.6,1043.222,0.9,881.714,0.7,1036.5,0.6,930.857,0.7,916.4,0.5,1165,0.7,1136.833,0.6,911.687,0.838,919.647,0.85,789.933,0.75,888.611,0.9,1035.588,0.85,950.375,0.8,690.125,0.8,824.3,1,1073.5,0.8,892.333,0.9,904,0.7,969,0.8,1001.889,0.9,0.913,0.531,0.75,0.875,0.2,0.955,0.75,0.5,0.818,0.625,0.7,0.909,0.75,0.4,0.864
Emo_Nback_20160913,WUSTL,6MDZCZBV,3,1143.29,0.775,1226.273,0.825,1029.31,0.725,1092.625,0.8,1216.233,0.75,1035.521,0.887,1031.368,0.95,905.125,0.8,1098.944,0.9,1092.389,0.9,1287.66,0.662,1490.786,0.7,1182.154,0.65,1084.5,0.7,1402,0.6,1101.746,0.787,1135.688,0.8,1077.8,0.75,1032.562,0.8,1159.438,0.8,922.8,1,899.778,0.9,898.7,1,1037.8,1,1490.5,0.6,1344.833,0.6,1255.667,0.6,1362.167,0.6,1186.197,0.762,1311.529,0.85,977.357,0.7,1152.688,0.8,1281.143,0.7,1152,0.9,912,0.7,1349.25,0.8,1160.625,0.8,1491,0.8,1042.714,0.7,956.125,0.8,1441.833,0.6,0.891,0.656,0.75,0.75,0.8,0.864,0.75,0.4,0.864,0.75,0.6,0.909,0.75,0.6,0.818
Emo_Nback_20160913,WUSTL,7HLNGBZN,3,932.829,0.875,919.559,0.85,954.361,0.9,936.914,0.875,919.486,0.875,885.111,0.9,866.471,0.85,912.632,0.95,899.412,0.85,861.474,0.95,983.353,0.85,972.647,0.85,1001,0.85,972.333,0.9,988.375,0.8,961.279,0.85,912.625,0.8,968.588,0.85,1036.053,0.95,913.375,0.8,888.625,0.8,993.111,0.9,912.2,1,971.333,0.9,936.625,0.8,941,0.8,1173.667,0.9,838.857,0.7,905.958,0.9,925.722,0.9,941.632,0.95,819.188,0.8,924.632,0.95,846.778,0.9,840.2,1,881.143,0.7,762.6,1,1004.667,0.9,1054.333,0.9,771,0.9,1104.667,0.9,0.957,0.875,0.781,0.625,0.7,1,1,0.7,0.955,0.75,0.8,0.955,0.75,0.9,0.909
Emo_Nback_20160913,WUSTL,7HLNGBZN,3,932.829,0.875,919.559,0.85,954.361,0.9,936.914,0.875,919.486,0.875,885.111,0.9,866.471,0.85,912.632,0.95,899.412,0.85,861.474,0.95,983.353,0.85,972.647,0.85,1001,0.85,972.333,0.9,988.375,0.8,961.279,0.85,912.625,0.8,968.588,0.85,1036.053,0.95,913.375,0.8,888.625,0.8,993.111,0.9,912.2,1,971.333,0.9,936.625,0.8,941,0.8,1173.667,0.9,838.857,0.7,905.958,0.9,925.722,0.9,941.632,0.95,819.188,0.8,924.632,0.95,846.778,0.9,840.2,1,881.143,0.7,762.6,1,1004.667,0.9,1054.333,0.9,771,0.9,1104.667,0.9,0.978,0.875,0.781,0.625,0.7,1,1,0.7,0.955,0.75,0.8,0.955,0.75,0.9,0.909
Emo_Nback_20160913,WUSTL,8Y6RVMNM,3,1149.752,0.706,1072.259,0.675,1095.414,0.725,1208.071,0.7,1219.931,0.725,1154.351,0.713,1117.538,0.65,1040.733,0.75,1217.769,0.65,1239.25,0.8,1145.071,0.7,1030.214,0.7,1154,0.7,1199.667,0.75,1196.154,0.65,1243.536,0.7,1124.818,0.55,1246.882,0.85,1282.2,0.75,1295,0.65,1244.4,0.5,1202.375,0.8,1189.571,0.7,1290,0.8,1025.167,0.6,1286.444,0.9,1363.25,0.8,1303,0.5,1057.614,0.713,1036.125,0.8,880.833,0.6,1122.538,0.65,1158.938,0.8,1038.25,0.8,856,0.7,1250.667,0.6,1188.5,0.8,1034,0.8,915.6,0.5,1012.714,0.7,1129.375,0.8,0.891,0.469,0.781,0.875,0.1,0.864,0.75,0.3,0.909,0.75,0.2,0.909,0.75,0.4,0.864
Emo_Nback_20160913,WUSTL,8z4ptp56,1,1046.189,0.894,1047.378,0.925,938.919,0.925,1022.171,0.875,1186.353,0.85,943.716,0.925,942.263,0.95,862.947,0.95,930.684,0.95,1050.176,0.85,1156.087,0.863,1158.333,0.9,1019.111,0.9,1130.812,0.8,1322.529,0.85,1072.941,0.85,1169.389,0.9,873.118,0.85,1099.875,0.8,1145.294,0.85,1056,0.9,746.222,0.9,995.889,0.9,1030.778,0.9,1282.778,0.9,1015.875,0.8,1233.571,0.7,1274.125,0.8,1021.933,0.938,931.789,0.95,994.85,1,956.737,0.95,1227.412,0.85,839.9,1,968,1,872,1,1072,0.8,1033.889,0.9,1021.7,1,1050.889,0.9,1365.556,0.9,0.935,0.844,0.75,0.75,0.9,1,0.875,0.8,1,0.75,0.9,0.909,0.625,0.8,0.955
Emo_Nback_20160913,WUSTL,B1BC9HDJ,2,1010.945,0.906,952.351,0.925,1028.417,0.9,821.676,0.85,1220.789,0.95,868.282,0.975,740.737,0.95,902.684,0.95,750.1,1,1074.95,1,1177.03,0.838,1175.722,0.9,1168.941,0.85,923.929,0.7,1382.833,0.9,940.257,0.875,823.059,0.85,1000.706,0.85,783.938,0.8,1113.55,1,665.333,0.9,920.2,1,746.6,1,890.8,1,1000.5,0.8,1115.714,0.7,846.167,0.6,1336.3,1,1076.92,0.938,1062.25,1,1053.211,0.95,855.222,0.9,1339.944,0.9,808.6,1,883.222,0.9,753.6,1,1259.1,1,1315.9,1,1206.2,1,982.25,0.8,1441,0.8,0.957,0.906,0.812,0.75,0.9,1,0.625,1,0.955,0.875,0.7,0.909,1,1,0.909
Emo_Nback_20160913,WUSTL,CGNRE8LG,3,1152.638,0.794,1167.71,0.775,1291.875,0.8,1079.857,0.875,1070.724,0.725,1094.123,0.912,1119.333,0.9,1286.053,0.95,1044.211,0.95,908.706,0.85,1231.741,0.675,1234.692,0.65,1300.385,0.65,1122.188,0.8,1300.25,0.6,1237.29,0.775,1287.8,0.75,1426.6,0.75,1102.118,0.85,1150.667,0.75,1366.875,0.8,1430,0.9,1142.333,0.9,929.375,0.8,1197.429,0.7,1421.5,0.6,1056.875,0.8,1403.571,0.7,1071.892,0.812,1055.125,0.8,1173,0.85,1058.833,0.9,985.071,0.7,921.3,1,1156.5,1,955.9,1,890.333,0.9,1278.167,0.6,1196.571,0.7,1187.5,0.8,1155.6,0.5,0.913,0.719,0.719,0.75,0.6,0.864,0.875,0.5,0.909,0.875,0.7,0.955,0.375,0.5,0.955
Emo_Nback_20160913,WUSTL,G8VWC1TN,2,830.373,0.887,806.286,0.875,750.4,0.875,781.405,0.925,986.2,0.875,761.987,0.988,704.7,1,706.211,0.95,730.15,1,904.1,1,916.127,0.787,941.733,0.75,802.875,0.8,841.706,0.85,1095.667,0.75,838.87,0.863,789.471,0.85,758.294,0.85,823.278,0.9,985.353,0.85,735.3,1,671.778,0.9,831.4,1,982.1,1,866.857,0.7,855.625,0.8,813.125,0.8,990,0.7,822.342,0.912,822.167,0.9,742.944,0.9,741.737,0.95,987,0.9,674.1,1,737.2,1,628.9,1,826.1,1,1007.25,0.8,750.125,0.8,867.111,0.9,1188.125,0.8,0.957,0.844,0.938,0.875,0.6,1,1,0.6,0.955,1,0.7,1,0.875,0.7,0.955
Emo_Nback_20160913,WUSTL,GCL0XR2C,4,853.64,0.938,850.842,0.95,802.216,0.925,855.256,0.975,907.694,0.9,763.974,0.963,774.789,0.95,708,0.9,804.1,1,763.95,1,948.219,0.912,926.895,0.95,891.474,0.95,909.105,0.95,1087.375,0.8,877,0.938,839.895,0.95,764,0.95,848.895,0.95,1065.111,0.9,805.2,1,688.7,1,688,1,819.4,1,878.444,0.9,847.667,0.9,1027.667,0.9,1372.25,0.8,830.28,0.938,861.789,0.95,842.556,0.9,861.3,1,750.278,0.9,741,0.9,732.125,0.8,920.2,1,708.5,1,970.5,1,930.9,1,802.4,1,802.5,0.8,0.957,0.812,0.969,1,0.9,0.955,0.875,0.9,0.955,1,0.9,1,1,0.8,0.909
Emo_Nback_20160913,WUSTL,GFDT73J0,2,1213.663,0.631,1173.2,0.625,1193.8,0.625,1212.44,0.625,1272.846,0.65,1266.021,0.588,1174.667,0.45,1226.643,0.7,1273,0.65,1382.636,0.55,1168.093,0.675,1172.375,0.8,1152,0.55,1146.833,0.6,1192.333,0.75,1223.038,0.65,1230.286,0.7,1208.692,0.65,1202.25,0.6,1248.769,0.65,1230.833,0.6,1192.571,0.7,1253,0.6,1345.2,0.5,1229.875,0.8,1227.5,0.6,1151.5,0.6,1188.5,0.8,1203.714,0.613,1100.545,0.55,1177.667,0.6,1221.846,0.65,1296.923,0.65,1062.333,0.3,1260.714,0.7,1290.143,0.7,1413.833,0.6,1114.875,0.8,1061.4,0.5,1142.167,0.6,1196.714,0.7,0.63,0.312,0.781,0.625,0.2,0.818,0.75,0.4,0.682,0.875,0.5,0.591,0.875,0.2,0.773
Emo_Nback_20160913,WUSTL,NNVUN23M,1,973.5,0.75,994.9,0.75,910.281,0.8,909.167,0.75,1091.75,0.7,964.092,0.812,1014.529,0.85,889.125,0.8,870,0.85,1093.533,0.75,984.618,0.688,969.231,0.65,931.438,0.8,960.385,0.65,1089.692,0.65,970.778,0.787,1015.375,0.8,864.429,0.7,885.529,0.85,1109.812,0.8,1087.889,0.9,766.167,0.6,824.778,0.9,1115.875,0.8,922.143,0.7,938.125,0.8,953.875,0.8,1103.75,0.8,976.509,0.713,971.5,0.7,945.944,0.9,940.077,0.65,1067.667,0.6,932,0.8,962.9,1,920.875,0.8,1068,0.7,1024.167,0.6,924.75,0.8,970.8,0.5,1067.2,0.5,0.891,0.594,0.656,0.75,0.6,0.818,0.75,0.4,1,0.75,0.6,0.818,0.375,0.5,0.909
Emo_Nback_20160913,WUSTL,R77YG5G1,4,852.3,0.875,844.825,1,784.441,0.85,864.344,0.8,917.618,0.85,752.973,0.925,697.2,1,717.944,0.9,765.105,0.95,842.118,0.85,963.667,0.825,992.45,1,859.25,0.8,1009.385,0.65,993.118,0.85,921.556,0.9,951,1,789.5,0.9,931.25,0.8,1012.278,0.9,715.3,1,634.8,1,870.556,0.9,781,1,1186.7,1,982.875,0.8,1009.286,0.7,1301.375,0.8,778.971,0.85,738.65,1,778.75,0.8,797.438,0.8,811.125,0.8,679.1,1,821.875,0.8,670.2,1,929.429,0.7,798.2,1,735.625,0.8,1009.5,0.6,719.111,0.9,0.957,0.875,0.781,1,1,1,0.625,0.8,0.955,0.75,0.6,0.909,0.75,0.7,0.955
Emo_Nback_20160913,WUSTL,T6RF977F,4,879.987,0.931,747,0.85,857.541,0.925,947.895,0.95,949.275,1,797.808,0.975,694.684,0.95,789.842,0.95,803.1,1,898.05,1,970.268,0.887,813.267,0.75,929,0.9,1108.778,0.9,1000.5,1,932.293,0.938,787,0.8,890.421,0.95,922.05,1,1098.55,1,836.889,0.9,806.4,1,766,1,1014.4,1,722.857,0.7,983.778,0.9,1078.1,1,1182.7,1,826.973,0.925,711.444,0.9,822.833,0.9,976.611,0.9,800,1,566.7,1,771.444,0.9,840.2,1,781.7,1,892.375,0.8,874.222,0.9,1147.125,0.8,818.3,1,0.913,0.938,0.906,0.75,1,0.818,0.875,0.8,1,1,0.9,0.955,1,1,1
Emo_Nback_20160913,WUSTL,TBTBAM4J,3,860.092,0.887,909.75,0.9,852.474,0.95,798.545,0.825,875.314,0.875,785.36,0.938,868.158,0.95,804.45,1,695.5,0.8,759.5,1,943.746,0.838,956.235,0.85,905.833,0.9,895.529,0.85,1029.733,0.75,831.472,0.9,852.35,1,801.35,1,769.467,0.75,897.059,0.85,680,1,750.8,1,592.857,0.7,794.1,1,1024.7,1,851.9,1,924,0.8,1044.143,0.7,889.529,0.875,981.5,0.8,909.278,0.9,822.778,0.9,854.778,0.9,1077.222,0.9,858.1,1,775.333,0.9,724.9,1,858.429,0.7,973.25,0.8,870.222,0.9,1017.125,0.8,0.957,0.812,0.844,0.875,0.8,0.955,0.875,0.9,1,0.75,0.7,0.909,0.875,0.7,0.955
Emo_Nback_20160913,WUSTL,W1A2WG25,2,857.191,0.881,715.706,0.85,946.568,0.925,848.158,0.95,914.906,0.8,724.959,0.912,617.316,0.95,848.7,1,624.889,0.9,810.688,0.8,999.147,0.85,840.333,0.75,1061.706,0.85,1049.1,1,1019.125,0.8,869,0.863,683.167,0.9,866.579,0.95,947.222,0.9,1010.643,0.7,668,1,702.1,1,741.5,0.8,888.5,0.6,702.125,0.8,1049.333,0.9,1111.8,1,1102.25,0.8,845.875,0.9,752.312,0.8,1031,0.9,759,1,840.444,0.9,561,0.9,995.3,1,531.6,1,764,1,998.286,0.7,1075.625,0.8,986.4,1,936,0.8,0.957,0.844,0.719,0.625,0.9,0.909,0.75,0.9,1,1,0.9,0.955,0.5,0.8,0.909
Emo_Nback_20160913,WUSTL,YDF2TPMK,4,1097.88,0.831,1039.353,0.85,1152.471,0.85,1036.086,0.875,1174.433,0.75,1034.37,0.912,988.8,1,1090,0.85,968.3,1,1114.812,0.8,1175.15,0.75,1111.571,0.7,1214.941,0.85,1126.467,0.75,1242.571,0.7,1144.175,0.787,1184.706,0.85,1069.944,0.9,1043.471,0.85,1358.636,0.55,1100.7,1,959,1,934.1,1,1433.5,0.6,1304.714,0.7,1208.625,0.8,1199.714,0.7,1268.8,0.5,1056.214,0.875,894,0.85,1245.312,0.8,1029.111,0.9,1067.789,0.95,876.9,1,1277.143,0.7,1002.5,1,923.6,1,918.429,0.7,1220.556,0.9,1062.375,0.8,1228,0.9,0.913,0.781,0.719,0.625,0.8,0.955,0.75,0.6,1,1,0.6,0.955,0.5,0.7,0.864
Emo_Nback_20160913,WUSTL,Z24E0KC2,2,840.874,0.894,812.667,0.9,814.889,0.9,824.686,0.875,910.806,0.9,783.883,0.963,797.444,0.9,704.75,1,778.368,0.95,856.05,1,907.364,0.825,827.889,0.9,952.562,0.8,879.688,0.8,979.25,0.8,770.412,0.85,747.833,0.9,705.118,0.85,766.5,0.8,863.294,0.85,699.444,0.9,592,1,696.222,0.9,835.7,1,796.222,0.9,866.714,0.7,856.857,0.7,902.714,0.7,904.76,0.938,877.5,0.9,913.105,0.95,873.684,0.95,953.316,0.95,895.444,0.9,817.5,1,852.3,1,876.4,1,859.556,0.9,1019.333,0.9,897.444,0.9,1038.778,0.9,0.957,0.875,0.875,0.875,0.8,0.955,0.75,0.8,1,0.875,0.6,1,1,0.9,0.864
Emo_Nback_20160913,YALE,J2CBCRYX,1,1107.603,0.881,1057.278,0.9,1039.114,0.875,1078.886,0.875,1256.571,0.875,1122.026,0.963,1055.45,1,1166.421,0.95,1097.722,0.9,1168.3,1,1090.25,0.8,1059.562,0.8,887.938,0.8,1058.941,0.85,1374.267,0.75,1095.271,0.875,1007.889,0.9,1076.765,0.85,1083.222,0.9,1219.059,0.85,1051.2,1,1086.111,0.9,1190.778,0.9,1073.3,1,953.75,0.8,1066.25,0.8,975.667,0.9,1427.286,0.7,1119.761,0.887,1106.667,0.9,1003.556,0.9,1074.294,0.85,1292,0.9,1059.7,1,1238.7,1,1004.667,0.9,1263.3,1,1165.375,0.8,709.625,0.8,1152.625,0.8,1327.875,0.8,0.935,0.75,0.969,1,0.6,1,1,0.5,1,1,0.8,0.864,0.875,0.8,0.909